"TERYT Gminy";"Gmina";"Powiat";"Województwo";"Liczba komisji";"Liczba uwzględnionych komisji";"SIENKIEWICZ Bartłomiej Henryk - KKW KOALICJA OBYWATELSKA";"WILK-GRZYWNA Małgorzata Beata - KKW KOALICJA OBYWATELSKA";"MARCZUŁAJTIS-WALCZAK Jagna Kinga - KKW KOALICJA OBYWATELSKA";"SALWIŃSKA Sylwia Kinga - KKW KOALICJA OBYWATELSKA";"MĘKAL Małgorzata Katarzyna - KKW KOALICJA OBYWATELSKA";"MAJKA Magdalena - KKW KOALICJA OBYWATELSKA";"ZWIERZCHOWSKI Wojciech Mieczysław - KKW KOALICJA OBYWATELSKA";"KOZIOŁ Artur Stanisław - KKW KOALICJA OBYWATELSKA";"WITKA Jacek Paweł - KKW KOALICJA OBYWATELSKA";"SOWA Marek Jan - KKW KOALICJA OBYWATELSKA";"SZEJNA Andrzej Jan - KKW LEWICA";"KOLARSKA Dorota Anna - KKW LEWICA";"LIPIŃSKA-PIEKARSKA Joanna Olszyna - KKW LEWICA";"ŻAK Dominik Piotr - KKW LEWICA";"ANIOŁ Alina Maria - KKW LEWICA";"KOBIELUSZ Paweł Bernard - KKW LEWICA";"HAŃDEREK Joanna Ewa - KKW LEWICA";"KUKLA Robert Łukasz - KKW LEWICA";"TUCHOWSKI Daniel - KKW LEWICA";"DROPEK Magdalena - KKW LEWICA";"JARUBAS Adam Sebastian - KKW TRZECIA DROGA PSL-PL2050 SZYMONA HOŁOWNI";"GÓRNIKIEWICZ Piotr Tadeusz - KKW TRZECIA DROGA PSL-PL2050 SZYMONA HOŁOWNI";"NOWOGÓRSKA Urszula Teresa - KKW TRZECIA DROGA PSL-PL2050 SZYMONA HOŁOWNI";"MOTYCZYŃSKA Monika Elżbieta - KKW TRZECIA DROGA PSL-PL2050 SZYMONA HOŁOWNI";"RAŚ Ireneusz Jacek - KKW TRZECIA DROGA PSL-PL2050 SZYMONA HOŁOWNI";"KASPRZYK Rafał Marcin - KKW TRZECIA DROGA PSL-PL2050 SZYMONA HOŁOWNI";"TYJAS Jolanta Dorota - KKW TRZECIA DROGA PSL-PL2050 SZYMONA HOŁOWNI";"STOLECKI Piotr - KKW TRZECIA DROGA PSL-PL2050 SZYMONA HOŁOWNI";"DĄBROŚ Stella Józefa - KKW TRZECIA DROGA PSL-PL2050 SZYMONA HOŁOWNI";"KLĘCZAR Krzysztof Jan - KKW TRZECIA DROGA PSL-PL2050 SZYMONA HOŁOWNI";"BERKOWICZ Konrad Szczepan - KW KONFEDERACJA WOLNOŚĆ I NIEPODLEGŁOŚĆ";"BRAUN Grzegorz Michał - KW KONFEDERACJA WOLNOŚĆ I NIEPODLEGŁOŚĆ";"JASKÓŁKA Nadzieja - KW KONFEDERACJA WOLNOŚĆ I NIEPODLEGŁOŚĆ";"KONARSKI Artur Marian - KW KONFEDERACJA WOLNOŚĆ I NIEPODLEGŁOŚĆ";"IWAN Jasna Gabriela - KW KONFEDERACJA WOLNOŚĆ I NIEPODLEGŁOŚĆ";"DRWAL Aleksandra Urszula - KW KONFEDERACJA WOLNOŚĆ I NIEPODLEGŁOŚĆ";"NOWOWIEJSKA Ewa Krystyna - KW KONFEDERACJA WOLNOŚĆ I NIEPODLEGŁOŚĆ";"KRAJEWSKI Konrad Krzysztof - KW KONFEDERACJA WOLNOŚĆ I NIEPODLEGŁOŚĆ";"STRZELEC Marcin Piotr - KW KONFEDERACJA WOLNOŚĆ I NIEPODLEGŁOŚĆ";"DZIADOSZ Jagoda - KW KONFEDERACJA WOLNOŚĆ I NIEPODLEGŁOŚĆ";"KASELA Andrzej Jan - KW NORMALNY KRAJ";"KLICH Dariusz Zbigniew - KW NORMALNY KRAJ";"BILECKA Fabiola Katarzyna - KW NORMALNY KRAJ";"KURLETO Renata Janina - KW NORMALNY KRAJ";"STANKIEWICZ Aneta - KW NORMALNY KRAJ";"JANAS Mieszko Maria - KW NORMALNY KRAJ";"MIKOŁAJEK Maria Dorota - KW NORMALNY KRAJ";"BURZYŃSKI Zbigniew Józef - KW NORMALNY KRAJ";"ŻÓŁTEK Stanisław Józef - KW POLEXIT";"HAREŃCZYK Adam Wiesław - KW POLEXIT";"SAJDAK Anna Małgorzata - KW POLEXIT";"ŚLUSARCZYK Klaudia Dorota - KW POLEXIT";"BIGAJ Czesław - KW POLEXIT";"ZIĘBA Angelika Natalia - KW POLEXIT";"ŚMIŁEK Oskar Wojciech - KW POLEXIT";"MĘDREK Iwona Marzena - KW POLEXIT";"SZATAN Jarosław Kazimierz - KW POLEXIT";"JAGODZIŃSKI Marcin - KW PL!SP";"JAGODZIŃSKA Monika Ewa - KW PL!SP";"BŁACHUCKA Roksana Magdalena - KW PL!SP";"SZYDŁO Beata Maria - KW PRAWO I SPRAWIEDLIWOŚĆ";"MULARCZYK Arkadiusz - KW PRAWO I SPRAWIEDLIWOŚĆ";"TARCZYŃSKI Dominik - KW PRAWO I SPRAWIEDLIWOŚĆ";"KRUPKA Anna Maria - KW PRAWO I SPRAWIEDLIWOŚĆ";"WÓJCIK Michał Marek - KW PRAWO I SPRAWIEDLIWOŚĆ";"SKRUCH Wojciech - KW PRAWO I SPRAWIEDLIWOŚĆ";"RUSECKA Urszula Beata - KW PRAWO I SPRAWIEDLIWOŚĆ";"WŁOSOWICZ Jacek Władysław - KW PRAWO I SPRAWIEDLIWOŚĆ";"TLAŁKA-DŁUGOSZ Małgorzata - KW PRAWO I SPRAWIEDLIWOŚĆ";"PĘK Marek - KW PRAWO I SPRAWIEDLIWOŚĆ";"SKUZA Stanisław - KWW BEZPARTYJNI SAMORZĄDOWCY-NORMALNA POLSKA";"NOWAKOWSKA Elżbieta Paula - KWW BEZPARTYJNI SAMORZĄDOWCY-NORMALNA POLSKA";"WICHE Mateusz Andrzej - KWW BEZPARTYJNI SAMORZĄDOWCY-NORMALNA POLSKA";"KALISZ Beata - KWW BEZPARTYJNI SAMORZĄDOWCY-NORMALNA POLSKA";"TORKOWSKA Samuela - KWW BEZPARTYJNI SAMORZĄDOWCY-NORMALNA POLSKA";"GOCAŁ Dariusz Krzysztof - KWW BEZPARTYJNI SAMORZĄDOWCY-NORMALNA POLSKA";"SIEŃKO Natalia Izabela - KWW BEZPARTYJNI SAMORZĄDOWCY-NORMALNA POLSKA";"WOCH Marcin Grzegorz - KWW BEZPARTYJNI SAMORZĄDOWCY-NORMALNA POLSKA";"BUGAJSKI Marcin Rafał - KWW BEZPARTYJNI SAMORZĄDOWCY-NORMALNA POLSKA";"PETERSON Magdalena - KWW BEZPARTYJNI SAMORZĄDOWCY-NORMALNA POLSKA"
120101;"m. Bochnia";"bocheński";"małopolskie";18;18;2247;106;409;41;23;54;8;41;12;336;122;136;13;6;11;2;12;5;1;20;445;66;52;31;50;20;20;13;4;32;451;876;23;13;3;4;11;7;6;7;7;5;5;3;1;2;1;2;11;0;1;2;1;2;1;1;2;1;0;1;1777;604;1357;16;93;16;39;2;21;61;11;21;3;5;5;4;1;2;10;3
120102;"gm. Bochnia";"bocheński";"małopolskie";20;20;592;36;171;17;8;20;2;16;3;82;47;47;12;2;8;1;3;1;1;8;273;34;31;28;30;16;13;3;1;30;373;727;17;15;3;8;12;6;4;16;4;2;4;1;2;1;2;4;5;0;2;0;1;1;0;0;2;2;1;0;1622;392;1068;27;52;5;48;2;13;43;14;3;2;4;2;1;4;2;7;2
120103;"gm. Drwinia";"bocheński";"małopolskie";6;6;135;13;25;3;4;5;1;5;3;9;6;9;3;1;2;0;1;0;0;2;92;4;11;1;13;6;1;0;2;18;119;237;10;2;0;4;4;3;2;4;2;0;0;1;0;0;0;0;4;0;0;0;0;0;0;0;1;1;0;2;601;192;510;11;13;5;11;2;1;14;3;2;0;2;1;0;2;0;2;1
120104;"gm. Lipnica Murowana";"bocheński";"małopolskie";5;5;96;3;24;1;1;2;1;7;0;20;12;11;2;0;2;0;0;0;0;1;100;6;15;1;2;0;2;2;0;9;60;172;3;6;0;1;3;2;0;2;2;0;0;0;0;0;0;2;0;0;0;0;0;0;0;1;0;1;0;0;579;205;265;6;28;4;2;0;3;7;0;2;2;1;2;0;0;0;2;0
120105;"gm. Łapanów";"bocheński";"małopolskie";7;7;217;16;60;6;2;8;0;12;0;21;15;20;1;0;1;0;1;0;0;2;161;5;16;7;9;9;6;2;1;37;184;189;14;0;3;2;4;3;3;2;3;0;2;0;0;1;2;1;1;0;0;0;0;0;0;0;0;0;0;1;672;307;262;6;24;3;21;3;5;9;7;3;0;0;0;0;1;0;4;1
120106;"gm. Nowy Wiśnicz";"bocheński";"małopolskie";9;9;482;33;100;19;12;21;1;16;2;53;32;25;7;1;1;1;3;2;0;5;192;45;25;9;15;12;7;6;2;23;248;573;13;6;5;7;2;5;1;10;2;2;1;0;2;1;2;2;10;2;0;0;1;0;0;0;0;3;1;1;1558;624;597;13;45;7;34;4;11;27;7;11;3;3;0;0;1;1;8;1
120107;"gm. Rzezawa";"bocheński";"małopolskie";11;11;296;22;80;7;2;15;1;7;2;37;14;30;5;3;1;0;2;0;0;4;105;11;8;7;10;3;6;3;3;11;222;390;13;7;3;8;2;8;1;6;1;1;0;4;0;1;1;1;7;0;0;0;2;0;0;1;0;1;2;3;1055;207;820;14;19;3;26;1;9;15;7;6;1;2;1;2;1;0;3;1
120108;"gm. Trzciana";"bocheński";"małopolskie";5;5;103;2;24;0;2;4;0;6;2;13;3;6;1;2;1;0;1;0;0;0;88;9;13;4;4;3;2;2;5;2;112;169;6;1;0;2;3;5;2;1;3;0;1;1;0;0;0;0;5;0;1;0;0;0;0;0;0;1;0;1;599;368;287;6;5;5;9;2;2;2;3;0;0;0;0;0;5;0;1;0
120109;"gm. Żegocina";"bocheński";"małopolskie";5;5;88;3;16;0;1;1;0;3;1;4;2;13;1;0;0;0;0;0;1;0;68;10;54;1;4;4;1;2;0;3;84;204;8;0;0;1;6;1;1;1;2;4;1;0;0;0;0;0;2;0;2;0;0;0;0;0;0;1;0;0;726;235;385;9;24;2;9;1;3;4;1;5;0;2;0;0;0;0;0;0
120201;"gm. Borzęcin";"brzeski";"małopolskie";7;7;173;16;45;2;8;7;4;4;1;14;14;16;2;1;5;0;2;0;0;2;76;11;5;4;3;3;1;2;0;11;134;297;5;2;1;3;2;1;1;6;2;1;2;3;0;1;1;1;0;0;0;1;0;1;0;1;0;3;0;1;689;218;324;7;21;57;5;3;4;13;3;5;1;1;0;0;2;1;1;1
120202;"gm. Brzesko";"brzeski";"małopolskie";22;22;1776;70;481;33;52;78;8;32;6;176;161;102;19;2;16;0;10;2;4;9;601;92;54;23;44;16;14;12;12;41;653;1076;62;14;3;11;13;15;2;11;5;7;2;3;3;0;7;1;14;1;1;0;4;2;1;0;1;5;5;1;2958;761;1505;40;55;38;39;3;11;33;22;10;3;5;5;2;6;2;7;6
120203;"gm. Czchów";"brzeski";"małopolskie";9;9;252;21;44;3;5;13;0;2;1;17;22;18;2;0;5;2;0;0;0;1;135;18;13;4;10;4;8;3;4;11;186;262;10;6;5;1;5;5;4;4;4;1;1;0;1;1;2;0;2;0;1;0;0;0;0;0;1;0;0;0;901;310;491;4;22;137;7;0;3;8;2;2;1;1;2;1;5;0;1;3
120204;"gm. Dębno";"brzeski";"małopolskie";14;14;437;25;99;15;30;30;0;3;3;32;29;41;7;3;4;2;1;1;1;0;220;47;29;19;17;4;5;3;4;8;349;516;41;5;1;3;7;3;2;4;5;4;0;2;1;1;2;1;6;1;0;0;1;2;1;0;1;2;0;0;1396;376;565;14;22;146;6;9;2;35;11;3;0;5;1;2;5;2;2;5
120205;"gm. Gnojnik";"brzeski";"małopolskie";7;7;118;11;23;0;3;11;0;1;0;15;13;6;0;0;1;0;0;0;0;1;85;6;9;4;2;3;8;1;1;1;182;272;21;4;0;4;0;2;0;2;1;4;1;0;0;0;0;0;1;0;1;0;0;0;0;0;0;2;0;1;800;162;577;9;11;45;8;0;2;6;3;1;0;4;0;1;1;0;0;0
120206;"gm. Iwkowa";"brzeski";"małopolskie";4;4;105;4;32;3;5;6;0;2;0;12;9;6;4;1;1;1;1;0;0;1;115;6;13;2;8;0;0;1;0;6;99;194;6;2;0;1;3;0;1;3;4;0;0;0;0;0;0;0;2;0;0;0;0;0;0;0;0;1;2;1;788;352;350;12;14;10;10;2;2;5;3;3;1;0;0;0;0;0;1;2
120207;"gm. Szczurowa";"brzeski";"małopolskie";13;13;183;14;44;2;3;10;1;4;1;24;23;13;3;0;3;0;1;1;0;3;121;8;12;3;12;2;2;2;1;0;112;229;9;2;2;1;3;3;0;2;3;1;2;1;1;0;0;0;3;0;0;1;0;0;0;0;0;2;0;0;793;262;330;11;22;53;10;3;2;9;7;2;1;3;1;1;2;1;0;1
120301;"gm. Alwernia";"chrzanowski";"małopolskie";11;11;587;32;113;17;7;14;1;5;1;401;42;49;7;1;1;0;6;6;3;5;166;16;21;9;19;13;3;4;1;44;206;283;10;5;4;6;3;2;2;4;5;2;1;0;0;1;1;0;3;1;2;0;1;1;0;0;0;1;2;2;1119;187;341;11;9;1;3;0;3;10;10;8;3;3;0;3;1;0;2;7
120302;"gm. Babice";"chrzanowski";"małopolskie";9;9;294;23;49;8;1;15;2;10;3;445;25;28;4;4;5;0;2;1;1;6;75;8;19;13;19;14;6;3;4;40;133;239;17;4;3;2;6;2;1;6;5;0;2;0;1;0;0;2;5;0;0;0;0;1;0;0;2;1;0;0;747;97;396;10;23;2;2;0;2;13;9;3;0;7;1;2;0;3;1;3
120303;"gm. Chrzanów";"chrzanowski";"małopolskie";32;32;3144;171;527;73;26;99;16;26;13;2237;338;233;34;15;26;10;23;9;4;29;345;49;78;47;46;53;28;20;9;59;627;880;40;11;12;18;13;11;8;29;12;7;12;6;3;4;9;8;19;1;3;2;3;1;3;0;4;4;8;3;2640;613;1126;38;84;6;14;7;25;40;30;21;4;16;4;7;10;4;9;7
120304;"gm. Libiąż";"chrzanowski";"małopolskie";15;15;817;34;122;13;6;32;2;13;2;1412;120;48;9;4;11;9;4;4;1;4;167;17;27;11;44;6;11;4;0;39;311;472;21;8;3;7;9;5;4;7;3;2;2;0;1;1;1;2;4;0;1;3;0;0;2;1;0;1;2;3;1522;304;984;16;17;2;4;1;3;11;10;10;1;1;3;3;9;1;0;7
120305;"gm. Trzebinia";"chrzanowski";"małopolskie";26;26;1972;117;399;39;63;62;3;27;11;1443;224;182;28;8;21;5;14;1;4;13;288;49;58;29;36;28;11;9;2;29;545;740;26;14;3;13;14;2;8;18;9;2;6;4;3;0;2;5;12;1;1;0;2;0;1;2;2;5;1;1;2156;453;873;29;57;6;7;3;3;39;17;18;2;19;3;0;2;5;4;6
120401;"gm. Bolesław";"dąbrowski";"małopolskie";3;3;27;2;4;0;1;1;2;2;0;2;7;4;0;0;0;0;0;0;0;0;59;4;1;2;1;2;0;0;9;5;28;72;0;1;0;0;0;1;0;1;1;0;0;0;2;1;0;0;1;0;0;0;0;0;0;0;0;0;0;0;201;71;83;1;2;35;0;0;0;0;0;1;0;0;0;0;0;0;0;0
120402;"gm. Dąbrowa Tarnowska";"dąbrowski";"małopolskie";20;20;560;20;96;10;22;13;1;4;2;30;62;42;2;5;2;1;0;0;1;0;299;41;15;8;5;10;2;2;106;18;297;521;15;10;5;8;3;26;1;3;2;4;0;1;3;1;0;0;4;0;4;0;0;1;0;1;0;4;2;0;2015;642;773;20;55;52;8;0;7;20;6;2;1;3;2;0;0;0;0;3
120403;"gm. Gręboszów";"dąbrowski";"małopolskie";7;7;37;3;3;1;1;1;0;0;0;3;3;4;0;0;2;0;1;0;0;0;88;2;0;1;1;0;0;0;11;4;30;53;0;0;0;0;1;0;0;0;3;0;0;0;0;0;0;0;0;0;0;0;0;0;0;0;0;1;1;1;272;96;152;4;3;89;1;1;1;2;1;0;1;0;0;0;0;0;0;0
120404;"gm. Mędrzechów";"dąbrowski";"małopolskie";5;5;55;1;4;0;2;3;0;0;0;2;7;6;2;0;2;1;0;0;0;1;59;4;2;1;2;2;1;1;25;9;43;89;2;4;0;0;0;0;2;2;1;0;0;0;0;1;0;1;2;0;0;0;0;0;0;0;0;1;0;0;323;81;83;5;5;22;1;0;0;1;3;1;0;1;0;0;0;0;0;0
120405;"gm. Olesno";"dąbrowski";"małopolskie";10;10;115;8;11;5;3;1;0;0;0;3;15;7;0;0;3;0;0;0;0;1;118;13;5;3;2;2;2;1;20;6;135;200;8;2;0;2;4;10;1;2;3;0;1;1;1;0;0;1;5;2;0;0;0;0;0;1;0;0;0;2;735;279;242;12;35;76;5;1;3;8;5;6;0;2;1;0;0;0;0;0
120406;"gm. Radgoszcz";"dąbrowski";"małopolskie";7;7;73;2;12;0;5;1;1;1;0;4;14;7;1;0;3;0;0;0;0;0;72;12;11;2;2;2;0;1;34;0;128;161;4;2;1;4;1;11;3;4;3;0;1;0;2;0;0;0;3;0;0;0;0;0;0;0;0;0;0;0;906;284;228;16;19;19;2;0;2;9;4;1;0;1;0;1;4;1;1;1
120407;"gm. Szczucin";"dąbrowski";"małopolskie";11;11;239;15;28;1;9;1;1;2;2;8;36;15;1;1;4;0;0;1;1;0;152;33;10;1;2;1;1;5;289;3;179;237;4;6;2;4;4;2;2;4;1;1;1;0;0;1;1;0;0;0;0;1;0;0;0;2;0;0;1;0;1198;194;465;9;20;20;6;0;2;8;5;6;0;1;1;0;3;3;1;1
120501;"m. Gorlice";"gorlicki";"małopolskie";22;22;1882;59;255;15;7;35;8;17;7;311;201;58;5;7;5;1;4;104;0;6;264;37;118;13;12;22;6;2;4;17;383;608;17;16;1;6;9;6;0;7;3;2;1;0;3;0;2;1;15;3;0;1;2;1;1;1;0;2;2;0;1203;1233;809;18;35;12;6;0;3;32;10;6;1;226;1;4;2;3;3;1
120502;"gm. Biecz";"gorlicki";"małopolskie";12;12;470;16;98;10;4;9;1;10;1;41;55;27;10;1;5;3;4;16;0;4;116;16;88;11;11;4;3;2;7;14;283;490;7;10;1;6;9;5;7;6;4;1;2;1;1;1;1;1;1;2;2;1;1;3;0;0;1;3;1;0;1130;950;454;10;41;12;6;5;1;12;6;4;0;37;0;1;1;1;3;2
120503;"gm. Bobowa";"gorlicki";"małopolskie";7;7;161;6;46;6;4;18;2;4;1;14;16;3;1;0;1;0;0;4;0;0;118;14;21;3;2;5;2;1;1;2;174;170;3;5;3;1;2;3;0;2;3;1;1;0;2;0;1;1;1;1;0;0;0;1;0;0;0;1;0;1;704;721;316;7;10;10;2;1;1;3;3;3;1;11;1;2;2;0;0;0
120504;"gm. Gorlice";"gorlicki";"małopolskie";11;11;564;22;120;8;7;17;2;17;2;99;50;19;4;3;0;0;0;18;0;1;172;10;90;14;13;8;10;2;2;22;284;454;19;7;4;4;3;4;1;3;2;2;4;1;4;0;1;4;1;1;1;0;0;0;0;0;2;2;0;2;1213;808;544;20;22;4;11;5;6;22;5;10;3;73;1;5;3;0;3;1
120505;"gm. Lipinki";"gorlicki";"małopolskie";7;7;160;6;31;5;4;8;0;2;0;17;28;7;1;0;1;0;0;12;0;1;20;9;27;9;4;2;4;1;0;9;118;196;9;4;1;0;8;3;0;1;0;2;0;0;1;0;1;0;4;0;0;0;0;2;0;0;0;2;0;2;499;450;184;7;30;3;3;0;5;6;2;0;1;30;0;2;0;0;2;3
120506;"gm. Łużna";"gorlicki";"małopolskie";9;9;173;11;33;5;1;10;2;4;2;24;19;19;1;1;1;0;0;3;0;1;67;7;38;1;1;6;5;0;0;11;210;196;7;1;3;2;5;3;1;3;1;1;0;0;0;0;0;0;5;1;0;0;1;0;0;1;1;2;1;1;589;467;295;7;10;6;1;1;1;7;1;4;2;9;1;3;1;0;1;2
120507;"gm. Moszczenica";"gorlicki";"małopolskie";3;3;80;4;13;0;0;5;0;0;0;8;16;4;0;0;1;0;0;4;0;0;36;6;10;0;5;4;2;0;1;4;96;200;3;1;3;1;0;1;1;1;1;1;0;0;0;0;0;0;0;0;1;0;1;0;0;0;0;1;0;0;294;366;151;1;12;2;0;0;1;0;1;1;0;11;0;0;0;1;1;0
120508;"gm. Ropa";"gorlicki";"małopolskie";6;6;125;4;17;1;0;1;0;3;1;16;10;9;0;0;1;0;1;6;0;1;45;5;23;4;4;1;3;0;3;7;111;163;11;4;0;1;3;1;1;0;3;0;0;0;0;0;1;2;3;0;0;0;0;1;0;0;0;0;0;2;490;360;225;5;10;2;1;1;2;3;2;3;0;17;0;1;1;0;0;5
120509;"gm. Sękowa";"gorlicki";"małopolskie";10;10;221;14;44;5;5;6;0;4;0;54;20;11;1;1;1;0;0;2;0;1;37;0;84;3;1;4;0;0;0;2;71;111;2;2;1;2;8;3;0;2;4;0;0;0;0;0;0;0;1;1;0;0;0;0;0;1;0;0;0;0;265;283;101;3;17;0;1;0;1;8;3;0;0;16;1;0;1;1;0;0
120510;"gm. Uście Gorlickie";"gorlicki";"małopolskie";12;12;328;14;57;8;8;14;3;3;1;49;23;28;2;2;4;0;7;1;0;3;75;9;61;9;2;5;2;2;2;97;115;134;7;3;0;1;6;1;2;3;0;0;1;0;0;0;0;0;3;0;1;0;1;0;0;0;0;2;0;0;395;223;154;7;9;2;3;1;3;6;5;4;0;13;1;0;1;0;1;0
120601;"gm. Czernichów";"krakowski";"małopolskie";12;12;712;37;178;26;9;21;5;9;3;99;45;77;15;4;5;3;6;0;10;11;157;29;17;12;98;11;4;10;4;40;348;355;14;5;2;4;5;5;2;8;3;1;3;1;1;0;1;5;5;1;1;0;1;2;0;0;2;2;1;1;1067;232;506;7;11;2;4;0;2;97;6;8;1;1;2;4;0;2;3;6
120602;"gm. Igołomia-Wawrzeńczyce";"krakowski";"małopolskie";9;9;220;11;49;5;0;7;0;7;0;10;13;23;2;2;5;0;1;0;0;1;66;4;10;4;102;1;3;2;2;0;160;187;3;7;2;1;2;2;0;2;2;0;0;0;1;0;1;1;2;1;2;0;0;1;0;0;0;0;0;0;541;155;214;5;9;3;4;2;0;124;0;0;0;1;2;0;3;0;2;0
120603;"gm. Iwanowice";"krakowski";"małopolskie";13;13;365;26;104;15;4;18;3;8;3;55;26;28;3;2;8;1;3;2;0;2;108;8;5;48;66;4;2;8;1;17;211;338;10;10;3;1;9;2;1;7;1;0;0;0;1;0;0;3;2;1;1;0;0;0;0;0;0;1;2;2;803;216;292;7;14;4;7;1;2;107;9;2;0;1;1;1;3;2;1;2
120604;"gm. Jerzmanowice-Przeginia";"krakowski";"małopolskie";8;8;452;31;116;9;5;5;2;2;0;44;34;62;5;0;6;1;2;1;4;4;102;16;14;17;34;6;6;2;3;24;203;304;19;5;2;4;3;3;3;10;1;0;1;0;1;0;0;2;7;1;0;3;0;0;0;0;3;1;2;0;1007;127;484;9;7;4;2;1;2;100;6;4;2;2;1;1;6;0;4;2
120605;"gm. Kocmyrzów-Luborzyca";"krakowski";"małopolskie";20;20;895;74;300;36;7;25;1;12;3;85;48;109;20;1;9;1;9;0;2;9;162;15;27;156;276;8;2;7;2;12;445;430;21;6;5;7;2;3;1;15;4;1;0;0;2;2;1;1;9;0;1;2;1;1;1;1;0;3;1;0;1016;273;709;14;21;3;10;2;5;164;17;5;0;1;0;1;3;0;2;4
120606;"gm. Krzeszowice";"krakowski";"małopolskie";29;29;2069;86;584;46;11;41;12;25;12;554;121;218;27;5;17;1;17;5;3;15;305;41;54;31;81;17;13;19;2;40;625;863;34;15;2;10;4;6;4;13;5;3;6;2;3;2;5;6;13;2;1;5;1;0;0;1;6;4;1;3;2271;581;949;24;37;5;10;4;9;225;31;15;4;6;5;3;6;1;3;4
120607;"gm. Liszki";"krakowski";"małopolskie";13;13;849;71;242;30;11;25;4;18;7;112;40;89;14;2;8;2;18;1;2;11;186;21;36;18;105;9;6;14;2;22;419;465;23;5;3;8;12;6;4;5;4;2;0;0;2;0;0;2;18;0;1;1;0;0;2;0;0;1;0;2;1329;267;861;23;18;3;9;6;4;219;12;10;4;3;0;2;1;1;0;1
120608;"gm. Michałowice";"krakowski";"małopolskie";9;9;962;67;337;44;11;25;1;14;2;126;47;112;12;0;4;0;6;2;5;4;147;13;27;38;210;21;5;9;3;7;324;289;14;10;2;2;1;3;0;11;2;2;1;1;2;1;3;2;8;0;0;0;1;0;1;0;1;0;0;0;693;162;342;7;18;2;7;6;3;61;9;4;0;7;0;1;4;2;0;4
120609;"gm. Mogilany";"krakowski";"małopolskie";11;11;1072;73;602;41;10;25;7;16;2;141;50;114;15;1;11;0;5;3;4;4;142;25;39;22;101;15;10;10;1;14;410;433;23;11;3;4;5;6;1;6;3;3;0;1;1;0;3;7;7;0;2;3;1;0;1;1;2;1;0;1;855;189;671;17;29;2;12;1;9;136;11;12;0;6;0;1;2;3;2;9
120610;"gm. Skała";"krakowski";"małopolskie";15;15;535;19;125;17;1;19;4;10;2;126;34;68;8;0;3;0;10;2;0;3;137;11;15;28;53;12;4;3;3;22;271;312;7;5;1;0;5;2;1;3;5;0;0;1;1;0;0;2;11;0;1;0;1;1;0;0;0;3;1;1;713;357;307;7;15;3;5;0;2;140;7;4;0;1;0;3;0;0;3;0
120611;"gm. Skawina";"krakowski";"małopolskie";29;29;2470;167;1018;73;16;72;10;35;16;408;166;264;27;7;15;0;32;3;6;26;475;63;86;77;134;35;18;20;7;30;904;845;42;24;8;10;15;10;5;19;17;5;6;5;6;4;4;19;25;1;3;3;1;2;1;0;3;10;3;2;2531;480;1940;37;64;12;16;17;8;550;36;29;6;10;2;6;12;2;6;8
120612;"gm. Słomniki";"krakowski";"małopolskie";20;20;472;30;112;13;0;10;5;3;3;40;43;42;2;1;2;0;6;1;0;3;132;6;11;290;29;3;4;0;1;9;276;538;38;8;4;1;4;0;1;3;6;3;1;0;2;1;1;2;7;0;0;0;0;0;1;0;0;1;1;1;964;226;552;7;28;5;4;4;4;167;8;1;0;0;1;2;1;1;2;2
120613;"gm. Sułoszowa";"krakowski";"małopolskie";5;5;102;9;26;1;0;3;0;2;0;18;10;13;4;1;1;0;0;0;0;3;126;7;7;13;14;2;1;2;0;25;110;215;10;3;1;1;3;2;1;5;0;0;1;1;0;0;0;0;2;0;1;0;1;0;0;0;0;1;0;0;608;124;294;5;7;5;2;1;3;142;5;1;0;0;1;0;0;0;0;0
120614;"gm. Świątniki Górne";"krakowski";"małopolskie";5;5;576;33;216;18;6;18;1;35;2;117;38;68;4;0;2;0;3;0;0;4;69;21;26;23;88;6;4;8;3;5;294;266;20;6;2;3;2;3;1;3;0;1;2;1;0;1;1;0;3;1;0;1;0;0;0;0;1;0;0;0;759;163;491;12;7;3;16;2;5;85;10;9;1;3;0;2;4;0;3;2
120615;"gm. Wielka Wieś";"krakowski";"małopolskie";13;13;1237;122;422;70;5;45;10;15;5;107;86;164;8;3;7;1;23;5;2;10;205;21;46;31;97;21;6;11;2;22;438;319;32;6;2;9;7;4;4;14;10;0;1;4;2;0;4;1;12;1;0;0;1;2;0;0;2;0;0;2;898;153;524;16;24;3;11;0;6;101;19;14;3;1;2;1;7;3;1;3
120616;"gm. Zabierzów";"krakowski";"małopolskie";26;26;2864;194;819;99;21;48;10;30;15;308;143;311;21;7;27;3;27;6;3;31;352;53;72;59;176;49;22;24;4;30;734;674;59;13;4;11;10;7;3;18;7;3;4;2;6;2;3;3;16;6;1;0;1;2;0;0;0;5;0;5;1674;429;1317;24;34;10;13;4;18;130;32;23;2;7;7;3;5;9;3;10
120617;"gm. Zielonki";"krakowski";"małopolskie";26;26;2298;196;814;102;25;100;15;28;17;325;128;300;20;8;16;0;23;2;3;29;300;50;65;70;225;35;19;22;12;29;715;519;34;17;8;9;15;8;3;17;7;4;3;3;3;8;1;2;12;1;1;1;0;0;0;0;1;3;0;2;1059;311;808;26;40;10;14;1;9;195;36;21;4;4;6;0;18;4;2;7
120701;"m. Limanowa";"limanowski";"małopolskie";15;15;594;22;99;4;3;24;4;8;5;206;48;28;3;1;4;3;4;3;1;7;85;16;592;5;4;5;9;4;3;11;341;410;19;12;1;4;6;3;0;5;4;1;1;0;2;0;3;3;7;0;1;0;0;3;0;0;1;2;0;0;1087;819;740;19;23;3;6;1;5;11;4;4;1;2;0;2;3;1;0;3
120702;"m. Mszana Dolna";"limanowski";"małopolskie";4;4;328;12;79;7;0;6;2;0;2;75;18;28;4;2;4;0;2;0;0;2;52;6;144;7;11;3;2;3;0;3;106;195;8;5;0;3;7;0;2;1;0;0;1;0;2;0;0;0;2;2;0;0;1;0;0;0;1;2;1;0;452;431;329;2;35;1;3;2;0;9;5;6;0;0;0;2;1;0;3;1
120703;"gm. Dobra";"limanowski";"małopolskie";10;10;190;10;37;5;1;12;1;1;0;26;13;22;5;1;5;0;2;1;0;0;36;7;253;4;2;3;3;1;0;2;216;218;8;2;1;2;8;2;1;2;3;0;2;1;1;0;1;0;1;0;0;0;0;0;0;0;1;1;0;0;837;524;343;8;38;1;5;0;4;6;3;3;1;1;0;2;0;0;6;0
120704;"gm. Jodłownik";"limanowski";"małopolskie";14;14;114;4;27;4;1;8;1;0;1;18;11;10;2;3;2;0;0;0;0;0;20;1;233;4;10;0;2;1;1;2;165;158;7;4;1;1;6;3;4;2;2;4;0;1;0;0;0;0;8;0;1;0;0;0;0;0;0;2;1;0;803;415;296;9;10;3;3;1;2;5;2;0;0;1;1;1;0;0;0;0
120705;"gm. Kamienica";"limanowski";"małopolskie";6;6;133;5;22;9;3;4;0;0;0;15;11;8;1;0;3;0;0;0;0;0;30;2;101;1;1;1;1;3;1;6;154;172;8;2;1;1;6;1;0;0;0;1;0;1;0;1;0;0;1;0;0;0;1;1;0;1;0;0;0;0;702;579;241;9;7;0;3;0;1;9;2;3;1;2;1;0;1;0;1;0
120706;"gm. Laskowa";"limanowski";"małopolskie";8;8;78;11;26;3;2;13;0;3;0;13;9;13;1;0;0;0;1;0;0;1;27;5;155;3;2;2;1;2;2;3;185;259;7;2;1;0;3;3;1;1;2;2;1;0;1;1;1;0;4;1;0;0;0;0;0;0;0;2;0;0;900;707;668;9;9;6;2;1;6;7;3;4;0;1;0;0;2;0;1;1
120707;"gm. Limanowa";"limanowski";"małopolskie";20;20;297;20;61;8;3;43;1;4;1;74;22;31;3;2;8;0;0;1;0;3;83;12;856;7;8;3;3;1;2;10;453;705;36;17;1;6;17;11;3;1;6;3;0;1;1;3;0;1;6;0;3;2;1;0;0;1;2;3;1;1;2222;1707;1471;23;61;4;8;3;7;26;3;11;0;1;0;3;1;0;4;2
120708;"gm. Łukowica";"limanowski";"małopolskie";8;8;93;10;11;3;0;47;0;0;0;20;10;8;0;3;1;0;3;0;0;0;24;2;447;2;1;0;0;1;0;0;169;275;16;13;1;2;2;3;0;1;1;0;0;0;0;0;2;0;3;0;0;0;1;0;0;0;3;0;0;1;890;668;521;4;15;3;3;2;2;10;2;10;1;3;1;1;1;1;1;0
120709;"gm. Mszana Dolna";"limanowski";"małopolskie";14;14;193;10;83;6;1;5;0;5;0;112;17;27;5;2;2;0;2;0;1;2;50;8;153;6;11;5;1;1;1;4;262;436;16;4;0;3;11;2;0;7;3;4;3;1;1;1;0;1;13;2;0;0;2;0;0;0;0;5;1;1;1596;1032;826;14;63;4;9;3;6;10;9;8;0;4;0;4;0;0;3;2
120710;"gm. Niedźwiedź";"limanowski";"małopolskie";4;4;113;7;27;2;2;4;0;1;1;19;6;3;1;0;1;0;0;0;0;0;20;3;51;2;3;0;2;0;0;0;81;152;3;3;2;1;4;3;1;3;2;0;0;0;1;1;0;0;3;0;0;0;0;0;0;0;1;1;0;0;472;421;286;7;28;3;4;0;1;6;0;4;0;1;0;1;0;0;0;0
120711;"gm. Słopnice";"limanowski";"małopolskie";5;5;69;8;11;0;1;5;1;2;0;28;4;14;2;1;1;0;1;0;0;0;14;4;116;2;4;4;1;1;0;0;131;180;7;10;1;2;1;0;1;1;3;0;0;0;0;0;1;0;1;0;0;0;0;1;0;0;0;0;0;1;795;329;344;5;7;2;1;0;2;6;3;0;0;3;0;1;0;0;1;0
120712;"gm. Tymbark";"limanowski";"małopolskie";6;6;122;6;22;4;1;6;1;0;0;50;7;13;1;0;1;0;3;1;0;1;8;6;120;3;6;5;0;1;1;2;135;175;5;5;0;1;2;5;0;0;1;0;0;0;0;0;0;1;3;0;0;0;1;0;0;0;0;2;0;0;627;457;387;12;18;1;5;1;2;7;1;2;0;0;1;0;3;0;2;0
120801;"gm. Charsznica";"miechowski";"małopolskie";12;12;225;13;34;5;2;5;0;4;0;9;29;18;3;2;4;0;3;0;0;4;145;2;10;9;15;3;2;0;1;6;135;307;3;4;2;0;1;1;1;0;1;0;1;0;0;0;0;1;5;1;2;0;0;0;0;0;1;0;0;0;504;146;257;5;14;1;1;5;2;45;3;6;0;1;0;3;3;2;0;4
120802;"gm. Gołcza";"miechowski";"małopolskie";10;10;172;3;23;2;2;7;0;1;3;10;39;14;1;1;3;0;2;1;3;0;134;3;6;5;10;2;2;3;0;31;79;248;3;1;0;1;2;1;0;1;3;1;2;0;0;0;1;1;8;0;0;0;0;1;0;0;0;0;0;0;429;83;191;10;13;4;2;1;1;221;5;1;0;2;1;0;2;0;0;0
120803;"gm. Kozłów";"miechowski";"małopolskie";9;9;112;2;13;1;0;1;0;0;0;14;18;7;2;0;0;0;1;0;1;2;43;2;5;3;6;4;0;0;0;0;80;130;3;5;1;5;3;1;0;0;1;0;0;0;0;0;1;1;4;0;1;1;0;0;0;0;1;0;0;0;401;78;217;5;8;2;1;0;1;27;1;1;0;2;1;0;0;0;1;2
120804;"gm. Książ Wielki";"miechowski";"małopolskie";14;14;172;9;15;4;4;4;0;0;0;4;27;11;3;0;4;1;0;0;0;0;130;2;2;8;13;2;0;1;2;6;53;228;3;2;0;1;1;0;0;1;5;0;0;0;0;0;0;1;1;1;0;0;0;0;1;1;1;2;0;0;406;133;229;12;10;0;2;1;0;63;4;2;0;1;2;2;0;0;1;0
120805;"gm. Miechów";"miechowski";"małopolskie";31;31;1021;27;163;21;5;14;2;3;1;116;117;53;10;3;8;0;11;1;6;8;377;18;17;36;65;18;9;3;4;33;321;744;15;14;2;6;3;6;1;6;6;2;1;1;1;0;3;4;8;0;0;1;0;0;2;2;1;3;1;4;1197;304;780;14;19;7;5;5;5;176;5;10;2;3;0;2;7;3;2;4
120806;"gm. Racławice";"miechowski";"małopolskie";5;5;44;1;13;1;1;0;0;2;0;3;11;2;0;0;0;0;2;0;1;0;39;0;0;0;42;0;1;0;0;10;24;82;2;2;0;0;1;0;0;0;0;0;0;0;0;0;0;0;1;0;0;0;0;0;0;0;0;1;0;0;186;53;78;2;4;1;0;2;0;17;0;1;0;1;0;0;1;0;1;0
120807;"gm. Słaboszów";"miechowski";"małopolskie";8;8;71;6;8;0;1;1;1;1;0;5;12;8;1;1;4;0;1;0;1;1;112;3;1;2;5;4;1;0;1;4;29;122;4;4;1;1;3;3;3;0;4;1;0;0;0;0;0;0;5;0;0;1;0;0;0;0;0;0;0;1;181;145;72;7;8;0;0;2;0;24;1;0;0;0;1;0;1;0;0;0
120901;"gm. Dobczyce";"myślenicki";"małopolskie";16;16;584;29;177;11;11;19;5;31;4;279;40;66;7;4;0;1;9;0;3;8;152;17;31;20;22;21;7;4;4;54;363;442;39;10;5;1;5;3;2;7;0;1;2;0;2;6;1;5;6;1;0;3;0;0;1;1;2;0;1;4;1375;291;726;10;38;3;41;1;5;29;19;8;1;4;2;1;1;2;5;0
120902;"gm. Lubień";"myślenicki";"małopolskie";5;5;174;8;117;2;4;4;1;2;2;49;8;16;3;1;1;0;0;1;1;2;82;2;10;10;10;5;5;3;4;12;218;317;28;2;0;5;6;0;1;3;6;3;0;0;1;1;2;0;3;4;0;0;0;1;0;0;0;4;1;2;1133;213;578;18;34;5;6;4;11;35;9;2;0;2;0;2;3;0;0;4
120903;"gm. Myślenice";"myślenicki";"małopolskie";30;30;2044;106;681;37;14;66;13;18;5;776;141;197;17;11;19;1;13;1;1;16;562;49;63;41;101;19;20;19;6;381;851;1594;80;21;4;19;11;12;7;17;30;8;4;5;4;1;3;5;20;0;3;1;1;0;0;3;2;7;4;1;3677;647;2663;34;79;12;18;7;9;63;24;13;3;10;4;5;10;3;9;8
120904;"gm. Pcim";"myślenicki";"małopolskie";8;8;331;12;74;7;4;13;4;5;1;84;20;23;2;0;5;1;0;0;0;2;127;12;17;10;7;8;5;1;2;29;210;395;11;9;2;4;11;4;4;9;5;0;2;0;3;1;3;1;6;0;1;0;0;1;0;0;2;5;1;1;1447;159;677;25;25;4;12;1;7;12;8;8;0;6;3;2;2;3;0;2
120905;"gm. Raciechowice";"myślenicki";"małopolskie";11;11;185;10;39;3;1;15;0;5;2;44;14;15;2;6;1;1;4;0;0;5;86;4;8;2;1;6;4;4;0;42;127;150;17;7;1;3;3;1;3;5;1;1;0;0;0;0;1;2;0;1;0;1;0;0;0;1;1;0;1;0;653;127;189;4;27;1;0;2;0;12;2;4;0;1;0;1;2;3;0;2
120906;"gm. Siepraw";"myślenicki";"małopolskie";6;6;345;20;130;15;4;14;0;10;0;84;16;36;8;3;4;0;3;1;2;4;99;15;21;15;28;12;3;6;0;26;226;241;14;3;4;3;3;4;3;6;3;0;0;2;1;1;1;0;4;0;2;1;0;0;0;1;1;2;1;2;743;139;578;13;12;3;18;1;7;32;7;4;0;3;2;1;2;1;1;7
120907;"gm. Sułkowice";"myślenicki";"małopolskie";9;9;531;24;171;20;4;28;4;11;3;132;35;40;10;1;5;1;1;1;0;5;127;22;19;24;25;7;8;5;1;20;303;389;30;13;3;10;6;8;3;9;9;4;1;2;2;0;2;10;6;1;0;2;1;1;2;0;0;1;3;1;1124;201;826;28;208;3;10;5;3;27;7;2;1;2;2;3;4;1;5;1
120908;"gm. Tokarnia";"myślenicki";"małopolskie";6;6;194;8;53;4;2;7;1;6;2;34;8;15;1;0;0;0;2;0;1;2;59;12;7;7;9;7;3;0;3;18;149;323;27;12;1;8;8;1;4;10;10;0;2;2;1;0;0;1;6;0;0;0;0;0;1;0;1;3;1;0;1229;96;625;7;27;1;5;1;2;12;10;4;1;2;1;2;0;0;3;0
120909;"gm. Wiśniowa";"myślenicki";"małopolskie";7;7;134;11;43;2;1;11;0;5;2;36;22;10;2;1;1;1;2;0;0;0;71;5;14;18;15;2;3;3;1;14;168;303;21;10;2;1;2;1;2;5;6;3;1;1;0;0;1;0;4;0;0;0;0;0;0;0;1;1;0;1;979;171;323;5;49;1;13;0;2;16;7;4;0;4;0;0;4;0;0;2
121001;"m. Grybów";"nowosądecki";"małopolskie";4;4;228;9;41;0;0;11;1;1;2;23;33;5;0;0;0;0;0;3;0;1;66;1;30;4;5;4;1;2;1;6;143;145;0;6;0;1;4;1;2;2;2;0;0;0;1;0;1;2;4;1;0;2;0;0;0;0;0;0;1;0;479;385;435;4;10;3;4;2;2;4;3;3;0;2;0;0;0;0;1;3
121002;"gm. Chełmiec";"nowosądecki";"małopolskie";29;29;744;40;202;10;9;255;3;5;5;131;60;41;6;2;3;1;4;0;0;3;140;15;240;16;14;11;7;5;3;8;706;819;31;13;4;5;16;7;3;10;14;4;5;1;1;1;3;4;15;1;0;0;1;3;1;3;0;2;4;3;2053;1723;2193;34;41;10;14;2;7;19;7;9;3;17;2;1;5;1;5;2
121003;"gm. Gródek nad Dunajcem";"nowosądecki";"małopolskie";10;10;171;14;53;4;1;33;1;3;2;29;11;18;3;0;2;0;1;1;0;2;80;6;42;4;5;8;0;3;5;7;129;192;11;8;1;1;1;2;0;2;0;0;0;0;0;0;0;2;3;3;0;1;0;0;0;0;1;0;0;0;814;635;403;13;16;5;4;2;4;12;4;0;0;7;0;0;0;1;1;1
121004;"gm. Grybów";"nowosądecki";"małopolskie";17;17;427;16;84;4;6;32;1;8;2;57;27;22;6;3;6;1;2;1;0;2;193;14;94;9;12;8;8;9;2;1;735;728;23;13;0;8;13;6;6;12;10;4;2;0;3;2;2;4;12;1;0;1;0;2;0;0;0;2;0;1;2544;1891;1659;23;20;12;7;6;11;51;14;10;2;13;5;4;7;2;2;5
121005;"gm. Kamionka Wielka";"nowosądecki";"małopolskie";8;8;221;11;51;8;2;55;3;0;1;34;18;11;3;2;0;0;0;1;0;1;61;10;79;4;2;6;6;1;1;0;252;395;8;5;2;5;4;4;2;1;5;1;1;1;2;2;0;1;5;0;1;1;1;0;0;0;1;0;0;0;971;642;656;9;14;0;6;2;1;10;13;10;0;2;3;2;3;0;0;3
121006;"gm. Korzenna";"nowosądecki";"małopolskie";14;14;155;13;50;7;0;37;1;2;3;17;12;14;2;1;2;0;0;2;0;2;79;9;67;7;4;6;2;2;2;9;317;361;20;11;1;6;5;5;4;1;8;3;0;0;0;0;1;0;5;2;0;2;0;0;0;1;1;3;1;3;1451;1151;841;14;16;9;8;1;2;9;6;2;0;8;3;0;3;0;2;9
121007;"gm. Krynica-Zdrój";"nowosądecki";"małopolskie";18;18;1288;53;364;16;6;85;6;9;5;167;93;39;7;8;5;2;3;3;0;0;178;9;175;12;27;11;11;6;5;5;280;469;18;12;6;2;10;7;1;2;3;3;1;1;0;1;0;1;5;2;1;0;2;0;1;0;0;6;0;2;1181;768;782;16;42;3;5;2;10;44;13;12;2;5;1;0;5;3;4;3
121008;"gm. Łabowa";"nowosądecki";"małopolskie";7;7;98;5;30;3;1;20;4;0;0;25;11;3;1;0;0;0;0;0;0;0;23;3;21;7;1;3;2;0;2;1;105;207;13;5;0;2;1;1;3;3;3;1;0;0;1;0;0;1;5;0;1;0;1;1;0;1;1;1;1;0;559;362;287;5;7;1;5;1;1;6;0;3;0;0;1;0;2;0;0;0
121009;"gm. Łącko";"nowosądecki";"małopolskie";13;13;352;18;57;6;4;45;3;3;1;45;12;24;6;1;5;0;0;1;1;2;97;6;140;8;5;4;1;1;1;10;296;436;30;8;2;9;13;15;2;2;1;3;1;0;3;1;1;0;3;0;0;0;0;2;0;1;0;1;3;1;1389;1312;817;15;17;4;6;1;5;17;12;11;1;11;0;1;5;1;3;6
121010;"gm. Łososina Dolna";"nowosądecki";"małopolskie";12;12;160;7;29;3;1;38;3;1;2;18;12;11;4;0;0;0;0;1;0;1;62;6;109;3;3;3;3;0;0;4;217;297;11;9;2;2;8;2;1;1;1;3;0;1;3;0;0;0;2;1;0;0;1;0;0;0;0;0;0;1;947;928;963;6;19;5;7;1;2;11;3;2;3;2;3;0;1;0;3;0
121011;"gm. Muszyna";"nowosądecki";"małopolskie";14;14;530;18;129;7;6;59;3;4;6;229;41;23;8;2;3;0;1;2;0;0;85;11;38;12;10;4;7;4;2;10;196;290;13;10;3;3;5;4;4;6;5;4;1;1;4;0;2;0;6;0;0;1;0;0;0;0;1;3;3;2;742;752;434;11;20;2;7;0;10;10;12;7;0;2;2;1;3;1;2;4
121012;"gm. Nawojowa";"nowosądecki";"małopolskie";8;8;178;5;36;5;2;56;1;5;1;29;8;9;2;0;0;1;4;0;0;1;44;6;35;1;3;1;1;0;2;5;148;268;9;2;0;1;11;1;5;4;1;0;0;0;0;0;1;0;1;0;0;0;0;0;0;0;0;1;1;1;705;622;505;5;16;7;1;2;1;13;1;2;0;5;0;0;1;0;0;2
121013;"gm. Piwniczna-Zdrój";"nowosądecki";"małopolskie";9;9;344;10;72;5;0;18;2;1;1;20;19;27;3;0;0;0;0;0;0;3;72;5;49;2;3;4;2;6;0;3;180;254;10;4;0;2;2;4;2;6;5;1;0;1;0;0;0;0;1;0;0;0;0;1;0;0;0;2;0;1;680;653;393;8;13;0;6;2;11;8;10;4;1;1;1;1;1;0;2;3
121014;"gm. Podegrodzie";"nowosądecki";"małopolskie";13;13;212;12;52;2;3;61;0;3;1;22;15;11;1;1;3;1;2;0;2;1;53;7;135;3;2;4;2;2;1;6;272;368;35;13;2;3;6;3;0;4;2;1;0;0;1;0;0;1;5;0;1;3;0;0;1;0;2;1;1;3;1354;816;828;11;35;1;10;4;6;7;8;3;0;3;2;0;2;2;5;2
121015;"gm. Rytro";"nowosądecki";"małopolskie";2;2;112;2;42;4;1;4;0;0;1;9;5;18;1;1;1;0;3;0;0;0;20;1;31;1;1;1;0;1;1;1;60;113;2;2;0;0;0;1;0;2;3;1;1;0;0;0;0;0;0;0;0;0;0;0;0;0;0;2;0;1;274;333;161;2;3;1;2;1;0;11;0;2;0;0;0;0;1;1;0;0
121016;"gm. Stary Sącz";"nowosądecki";"małopolskie";15;15;793;44;175;13;5;91;2;3;7;72;45;37;5;3;7;2;2;1;1;8;133;19;271;11;8;9;4;5;4;10;424;827;25;23;4;8;12;4;2;1;5;2;3;2;5;0;1;1;8;0;2;0;1;1;0;0;1;3;0;2;2072;1455;1372;26;30;5;10;6;7;42;9;16;4;8;3;0;3;0;3;5
121101;"m. Nowy Targ";"nowotarski";"małopolskie";22;22;1538;48;1502;25;15;27;4;7;3;241;130;111;24;11;9;1;9;3;4;6;265;34;50;22;28;23;6;17;4;9;614;820;41;27;2;7;6;9;4;15;4;7;3;1;4;3;1;6;16;1;0;1;0;1;0;1;2;5;1;1;1493;838;1628;19;59;4;7;4;20;23;23;12;2;8;5;4;10;0;5;4
121102;"gm. Szczawnica";"nowotarski";"małopolskie";6;6;479;28;142;54;5;11;4;2;4;48;21;24;3;3;3;0;0;0;0;0;100;8;16;4;9;8;5;2;4;7;86;178;12;2;1;4;3;3;3;1;5;0;2;0;2;0;1;0;6;0;1;1;0;0;1;0;0;1;2;0;444;322;236;7;15;4;2;2;4;3;4;7;2;8;1;1;1;0;1;1
121103;"gm. Czarny Dunajec";"nowotarski";"małopolskie";23;23;295;9;267;2;2;6;1;2;1;43;10;15;1;3;2;0;1;1;0;2;76;10;29;4;14;5;4;6;0;8;285;582;58;10;2;3;6;2;3;5;3;1;3;2;1;2;1;1;4;2;1;0;0;1;1;0;0;1;1;1;1675;841;571;13;35;7;3;0;7;9;8;3;0;4;1;4;2;1;1;4
121104;"gm. Czorsztyn";"nowotarski";"małopolskie";8;8;265;16;163;6;1;9;3;2;2;44;17;21;5;2;1;2;0;2;0;1;109;11;17;12;4;8;5;0;4;4;113;201;18;6;2;1;6;5;3;6;4;0;1;0;0;0;1;0;10;0;1;0;0;0;0;0;1;0;1;1;505;336;247;17;15;3;1;0;1;16;5;0;0;4;0;2;3;0;1;4
121105;"gm. Jabłonka";"nowotarski";"małopolskie";11;11;211;17;106;5;1;3;0;0;1;14;19;26;1;0;3;0;1;1;0;2;65;10;11;2;14;9;3;4;0;8;365;550;51;15;2;4;7;4;8;5;2;1;1;0;0;0;0;1;10;0;1;1;0;1;0;1;0;3;1;0;2445;638;510;12;34;7;3;3;11;10;5;4;1;2;1;0;0;0;1;0
121106;"gm. Krościenko nad Dunajcem";"nowotarski";"małopolskie";6;6;283;16;86;25;2;8;1;4;3;25;11;9;4;1;3;0;1;1;1;1;108;8;17;3;2;2;2;0;2;4;82;153;14;5;2;0;5;2;1;3;3;0;1;1;1;0;0;0;5;0;0;0;0;0;0;0;1;0;0;0;462;525;193;3;8;0;0;0;2;4;4;4;1;5;0;2;0;0;1;0
121107;"gm. Lipnica Wielka";"nowotarski";"małopolskie";5;5;77;2;27;4;1;5;1;2;2;20;4;5;0;0;0;0;0;0;0;0;32;1;6;3;2;3;0;1;0;5;73;124;11;10;0;1;3;0;1;4;2;0;0;0;2;0;0;0;6;0;0;2;0;0;0;0;1;1;0;1;795;151;130;5;6;4;1;1;1;0;2;1;1;0;2;0;1;0;0;3
121108;"gm. Łapsze Niżne";"nowotarski";"małopolskie";9;9;166;7;92;4;3;7;3;5;1;23;18;17;3;0;2;1;1;0;0;1;70;2;7;11;6;8;1;2;1;10;116;157;16;11;0;1;2;5;3;5;3;1;1;1;0;0;1;3;4;1;1;0;0;0;0;1;1;0;0;0;856;270;253;11;18;2;4;0;7;6;7;4;1;3;0;0;2;1;1;3
121109;"gm. Nowy Targ";"nowotarski";"małopolskie";21;21;439;15;477;10;3;13;2;3;3;65;21;31;9;0;7;0;0;1;4;5;195;23;18;13;12;7;3;7;2;10;353;537;34;17;2;5;7;8;4;5;3;2;1;0;6;2;1;2;20;1;1;3;2;3;0;0;1;1;2;0;1569;835;1110;26;82;7;5;1;14;20;13;8;1;2;2;4;2;3;1;0
121110;"gm. Ochotnica Dolna";"nowotarski";"małopolskie";4;4;150;9;51;5;0;7;1;2;1;6;10;10;1;0;3;0;0;1;0;0;47;0;28;4;5;1;4;1;0;8;143;167;9;2;2;4;5;0;3;1;1;2;1;0;1;0;0;1;0;0;1;1;0;1;0;0;0;0;2;0;744;702;343;6;12;3;5;1;0;9;1;3;1;0;0;1;0;0;1;1
121111;"gm. Raba Wyżna";"nowotarski";"małopolskie";11;11;263;5;168;11;6;11;0;2;0;63;18;27;5;1;1;1;1;1;0;3;90;14;18;5;21;4;4;5;1;17;212;381;30;11;3;2;10;3;1;6;5;2;4;0;1;1;0;0;2;0;0;0;0;0;0;0;1;0;1;2;1281;440;444;23;35;4;2;0;5;42;18;6;1;5;1;2;3;0;1;2
121112;"gm. Rabka-Zdrój";"nowotarski";"małopolskie";15;15;823;29;328;12;5;32;5;5;5;133;54;52;6;2;5;3;4;1;0;5;119;22;35;26;26;8;7;10;1;13;267;519;20;17;3;6;7;2;1;2;6;1;1;1;2;4;3;1;12;2;0;2;0;1;2;0;1;1;1;3;1384;578;732;12;61;6;8;1;15;122;9;5;1;6;0;3;5;2;2;2
121113;"gm. Spytkowice";"nowotarski";"małopolskie";5;5;94;8;38;2;1;3;0;1;1;5;5;9;1;0;0;0;3;0;0;0;25;2;6;5;3;0;0;0;0;2;67;126;9;4;1;3;2;0;1;1;1;2;0;1;0;0;0;3;0;0;0;1;0;1;0;0;0;1;0;0;303;298;129;2;15;1;2;0;2;18;6;1;0;1;4;0;1;0;0;1
121114;"gm. Szaflary";"nowotarski";"małopolskie";10;10;131;8;147;5;3;3;2;2;0;14;7;12;1;0;1;3;1;0;1;0;34;7;2;1;8;4;3;1;3;2;156;260;8;0;3;3;2;1;3;3;1;2;0;0;2;0;0;2;4;0;0;3;0;0;1;0;2;2;1;2;829;265;516;9;21;3;1;1;9;6;5;3;1;2;1;2;1;2;1;1
121201;"m. Bukowno";"olkuski";"małopolskie";10;10;818;35;192;13;5;20;2;6;2;108;111;43;12;2;6;0;1;2;2;4;70;7;14;8;27;6;3;3;1;3;147;235;10;1;2;2;6;1;3;3;7;1;2;0;0;0;2;2;2;1;0;3;0;2;0;1;2;3;0;1;522;97;375;7;37;1;3;2;3;38;7;5;0;2;0;0;2;0;1;1
121203;"gm. Bolesław";"olkuski";"małopolskie";6;6;524;16;162;7;4;6;1;5;0;69;85;33;10;2;4;1;4;1;3;7;65;8;14;13;18;2;3;0;1;4;119;234;7;3;0;3;1;0;2;2;8;0;0;1;1;1;0;0;3;0;1;0;2;1;0;0;2;2;2;1;370;105;278;4;28;2;2;0;1;35;1;8;1;0;1;1;2;1;3;3
121204;"gm. Klucze";"olkuski";"małopolskie";16;16;1170;52;371;21;5;22;9;6;3;96;118;90;11;3;5;0;1;2;7;8;127;19;24;14;58;8;9;11;5;8;250;412;17;2;3;4;9;1;2;6;9;3;2;0;0;0;1;1;4;0;0;2;2;1;0;3;1;1;0;0;827;185;636;14;44;3;7;4;5;86;7;11;1;5;1;1;1;0;2;3
121205;"gm. Olkusz";"olkuski";"małopolskie";34;34;3315;99;998;47;20;53;8;24;14;440;402;247;35;12;26;3;16;4;8;26;404;45;51;53;292;22;15;19;3;31;791;1188;35;26;3;9;15;6;8;12;19;7;7;1;9;3;3;3;14;1;1;1;4;2;1;6;12;3;1;3;2442;1108;2614;32;78;8;12;7;12;232;36;15;6;7;3;1;4;4;8;13
121206;"gm. Trzyciąż";"olkuski";"małopolskie";11;11;184;9;38;7;2;6;1;4;1;15;16;17;3;0;1;0;1;0;0;1;112;5;12;6;46;3;1;0;1;17;120;316;5;2;3;1;1;2;2;3;1;0;0;0;0;0;0;1;5;0;0;1;0;0;0;0;1;1;0;0;602;159;388;7;11;3;2;0;2;86;4;2;0;2;0;0;2;1;1;0
121207;"gm. Wolbrom";"olkuski";"małopolskie";26;26;1192;27;200;12;5;15;2;10;1;109;73;81;10;9;9;1;2;0;1;9;243;18;13;18;41;8;12;6;4;25;425;789;46;4;5;3;6;2;2;8;3;2;3;2;3;0;1;3;9;0;1;0;0;1;0;0;3;4;1;2;1804;246;1052;20;54;3;4;2;5;180;11;13;0;8;4;3;5;2;1;3
121301;"m. Oświęcim";"oświęcimski";"małopolskie";25;25;1979;129;234;38;16;40;9;8;8;3009;240;153;23;6;10;227;10;2;4;12;204;24;58;26;17;20;14;8;3;201;475;735;29;21;6;6;12;12;4;16;14;6;6;2;6;0;3;1;12;5;0;1;1;3;0;0;0;2;1;1;2820;327;818;39;42;7;13;2;10;30;22;17;4;10;5;3;9;3;6;4
121302;"gm. Brzeszcze";"oświęcimski";"małopolskie";14;14;1183;84;167;31;9;42;3;8;3;903;137;99;10;11;11;43;12;2;1;11;200;13;25;13;22;7;4;4;1;140;266;477;19;4;5;4;9;5;6;8;12;2;4;2;0;3;0;2;7;1;1;1;0;2;0;0;0;2;1;0;2651;160;387;6;25;0;3;1;5;14;19;8;1;4;2;3;1;2;1;5
121303;"gm. Chełmek";"oświęcimski";"małopolskie";9;9;398;22;54;9;3;16;6;5;1;1094;56;40;7;1;8;22;2;0;0;2;77;11;14;12;13;7;2;2;3;22;195;306;11;2;1;8;4;2;1;7;3;2;2;0;4;0;2;1;3;0;1;3;0;1;1;1;2;2;2;2;1006;172;376;8;14;3;4;3;4;15;3;7;1;4;2;3;1;1;1;3
121304;"gm. Kęty";"oświęcimski";"małopolskie";21;21;1713;78;298;19;3;32;8;8;4;652;134;94;12;8;7;25;16;1;1;14;231;25;19;21;9;7;1;4;3;1529;566;700;26;25;6;8;16;5;3;12;3;1;4;0;2;1;1;1;11;2;1;1;0;0;0;2;1;2;2;1;2349;297;1685;17;29;5;9;5;15;35;20;8;0;5;4;2;3;1;4;11
121305;"gm. Osiek";"oświęcimski";"małopolskie";4;4;256;19;28;7;2;4;3;2;1;181;26;12;1;0;3;13;4;1;0;0;69;9;8;4;4;5;0;6;0;191;105;198;3;1;4;4;8;1;3;4;0;0;1;1;0;2;0;3;6;1;2;0;0;0;0;0;0;2;1;0;952;72;193;4;8;1;0;0;6;9;2;8;0;4;0;2;1;0;1;1
121306;"gm. Oświęcim";"oświęcimski";"małopolskie";16;16;819;82;112;13;5;24;3;16;3;1337;70;47;7;2;7;78;4;2;1;1;166;26;13;17;17;9;15;7;0;183;294;484;14;9;5;1;6;5;6;11;4;0;3;2;3;0;2;3;6;2;1;2;0;2;1;1;0;2;1;3;2002;230;483;11;26;9;4;1;9;13;21;7;1;6;1;1;3;1;5;7
121307;"gm. Polanka Wielka";"oświęcimski";"małopolskie";3;3;130;3;19;4;2;4;0;2;3;151;10;7;4;2;0;4;0;0;0;0;93;6;5;1;2;3;2;0;2;74;92;110;2;6;3;2;2;2;1;1;0;0;1;0;0;1;2;1;0;1;0;0;0;0;1;0;0;0;0;0;486;63;96;3;4;0;2;0;1;4;3;0;0;2;0;0;2;0;0;3
121308;"gm. Przeciszów";"oświęcimski";"małopolskie";4;4;191;19;29;6;0;12;0;0;2;351;17;11;1;0;2;5;2;1;0;2;49;5;3;3;2;3;0;3;1;37;102;158;1;5;0;2;2;2;3;2;3;1;1;1;0;0;0;2;0;0;0;0;1;1;0;1;0;3;0;1;571;67;178;5;17;0;1;1;0;10;6;5;0;4;0;0;1;1;2;1
121309;"gm. Zator";"oświęcimski";"małopolskie";12;12;348;28;44;7;6;12;0;4;3;416;22;30;4;0;6;7;5;0;0;4;90;5;9;9;9;3;5;1;0;60;131;198;7;5;3;4;5;1;5;5;2;3;0;2;0;2;1;1;4;1;1;1;0;0;0;0;1;2;1;0;825;110;280;8;21;0;6;1;2;7;4;4;3;2;1;1;3;1;6;2
121401;"gm. Koniusza";"proszowicki";"małopolskie";19;19;212;17;46;10;0;14;1;9;1;21;26;26;0;1;1;2;2;0;2;1;125;8;10;22;43;4;1;1;2;7;174;283;7;4;0;0;4;1;1;2;6;1;2;1;1;0;2;0;2;0;0;1;0;0;0;1;1;1;0;1;630;197;345;11;26;1;6;6;5;47;5;5;0;2;0;1;2;1;0;1
121402;"gm. Koszyce";"proszowicki";"małopolskie";11;11;102;7;19;2;0;3;1;1;1;8;30;4;1;2;3;0;1;2;0;0;165;0;3;2;6;3;2;1;0;5;49;134;7;2;0;1;2;2;0;0;1;1;0;0;0;0;0;0;0;0;0;1;0;0;0;0;0;0;1;0;546;67;233;11;11;1;3;2;0;6;4;1;0;0;1;0;1;1;2;0
121403;"gm. Nowe Brzesko";"proszowicki";"małopolskie";12;12;140;7;38;4;0;4;2;1;0;28;9;13;1;0;3;0;1;0;0;0;120;7;7;8;14;3;1;1;0;7;110;179;5;3;1;1;1;1;0;1;0;1;1;0;1;0;0;2;5;0;0;0;0;0;0;0;1;3;2;1;376;137;331;15;7;4;1;3;1;30;3;3;1;1;1;0;0;0;0;1
121404;"gm. Pałecznica";"proszowicki";"małopolskie";10;10;21;6;7;3;0;1;0;0;0;3;8;3;0;0;1;0;0;0;1;1;94;2;0;2;88;1;0;0;0;33;50;122;1;3;0;0;0;0;1;0;0;0;0;0;0;0;0;0;1;0;0;0;1;0;0;0;0;1;0;0;280;101;108;7;17;4;1;1;1;7;0;0;0;1;0;1;0;0;0;0
121405;"gm. Proszowice";"proszowicki";"małopolskie";25;25;607;29;96;5;1;10;1;7;2;60;68;46;11;3;5;1;3;1;2;4;320;6;22;69;69;8;4;2;2;47;303;462;7;2;1;1;4;3;1;4;4;0;1;1;1;1;0;0;8;2;1;3;0;1;0;0;1;3;1;2;1111;338;617;17;32;5;12;4;2;26;5;1;2;3;0;0;4;0;0;1
121406;"gm. Radziemice";"proszowicki";"małopolskie";8;8;48;4;6;2;2;3;0;0;0;3;10;9;0;0;0;1;0;0;1;1;81;2;1;7;8;2;0;1;0;23;52;112;2;0;2;0;0;3;0;2;3;0;0;0;0;0;0;0;2;0;0;1;0;0;0;0;0;3;0;1;265;74;76;7;4;0;1;1;1;14;2;0;1;1;0;0;0;0;0;0
121501;"m. Jordanów";"suski";"małopolskie";4;4;198;14;125;1;1;5;0;2;1;40;15;13;4;1;0;0;1;0;0;5;50;4;6;4;10;6;5;1;2;9;76;152;10;3;1;1;2;1;2;3;8;1;0;0;0;0;1;0;4;0;1;1;0;1;0;0;0;0;0;0;422;80;165;9;32;3;3;0;3;11;5;1;0;2;1;0;2;0;0;1
121502;"m. Sucha Beskidzka";"suski";"małopolskie";7;7;479;18;183;9;2;10;1;6;2;370;32;21;3;1;3;0;0;3;0;4;93;12;20;8;18;4;2;2;1;48;144;300;21;11;1;1;4;1;1;2;3;3;0;0;1;0;3;4;5;1;0;0;0;0;0;1;0;0;0;0;619;145;229;3;15;1;3;2;9;15;5;7;1;3;0;1;1;2;1;2
121503;"gm. Budzów";"suski";"małopolskie";6;6;163;11;53;11;2;4;3;3;3;46;18;13;1;0;3;1;3;1;0;1;114;8;8;6;4;4;4;1;2;33;135;201;14;0;0;1;7;1;1;1;3;0;1;0;0;0;1;1;4;0;0;0;1;0;0;0;0;0;0;1;972;121;200;12;15;3;1;1;2;12;7;1;0;0;0;2;1;0;1;1
121504;"gm. Bystra-Sidzina";"suski";"małopolskie";4;4;150;7;29;6;4;5;1;2;0;24;4;8;3;0;2;1;0;0;0;0;47;3;11;5;6;5;0;1;2;4;93;185;8;2;1;2;4;0;0;0;0;0;2;1;3;1;0;0;0;0;1;0;0;0;0;0;0;0;0;0;477;111;337;10;31;2;1;0;4;5;8;5;2;4;0;0;0;1;0;2
121505;"gm. Jordanów";"suski";"małopolskie";7;7;201;14;68;4;1;6;1;12;3;30;17;26;5;2;2;2;3;2;0;2;78;15;13;8;9;10;3;5;1;16;188;352;14;11;3;2;9;1;3;1;6;2;1;1;4;1;0;4;8;0;0;0;1;1;1;0;1;1;0;1;1213;213;430;16;57;4;1;4;9;15;2;8;0;3;1;1;3;1;4;2
121506;"gm. Maków Podhalański";"suski";"małopolskie";12;12;625;24;107;17;13;11;1;7;2;274;39;48;5;2;8;0;4;2;1;0;155;11;23;9;7;7;6;7;5;33;245;562;31;25;0;5;4;7;0;3;3;2;0;1;2;1;2;1;2;0;1;0;0;0;0;1;1;6;2;1;1329;291;730;13;42;3;8;0;3;15;6;4;1;2;4;3;2;2;1;3
121507;"gm. Stryszawa";"suski";"małopolskie";9;9;459;29;124;9;6;14;0;6;2;162;37;27;1;1;1;1;5;4;0;7;129;14;17;9;5;9;5;2;1;46;155;367;18;10;0;0;3;5;1;11;2;0;1;1;0;0;0;0;3;0;0;0;0;0;1;1;1;3;0;1;1332;187;393;7;24;6;5;0;2;15;4;10;0;2;2;1;0;0;1;6
121508;"gm. Zawoja";"suski";"małopolskie";8;8;385;29;75;11;3;4;3;4;2;67;15;26;4;1;3;0;1;1;2;2;95;7;11;5;6;2;6;6;1;23;125;273;23;8;2;5;2;2;2;5;2;1;1;0;1;3;1;0;4;1;0;0;0;1;0;0;1;2;2;1;869;205;258;8;49;3;1;3;1;1;6;2;0;1;1;0;1;2;0;0
121509;"gm. Zembrzyce";"suski";"małopolskie";5;5;256;7;68;5;4;4;1;3;2;75;8;7;0;0;3;0;0;0;1;0;46;10;10;9;7;0;2;2;0;29;91;166;5;8;1;0;4;1;2;1;3;1;0;0;0;0;3;1;2;1;0;0;0;0;0;0;1;0;0;0;468;100;162;3;7;0;1;1;2;4;5;7;0;0;0;0;3;0;0;5
121601;"gm. Ciężkowice";"tarnowski";"małopolskie";13;13;286;13;51;5;7;3;1;6;1;26;15;16;2;2;1;0;0;1;1;2;202;18;12;7;11;6;3;1;1;9;155;225;3;9;1;3;6;7;2;3;1;3;3;1;1;0;0;1;3;0;0;0;0;1;0;0;0;1;1;1;834;177;303;7;10;487;1;1;1;29;4;3;1;1;0;1;1;2;1;2
121602;"gm. Gromnik";"tarnowski";"małopolskie";8;8;126;7;16;2;11;4;1;2;1;8;7;9;2;0;0;2;3;0;0;0;107;18;7;4;6;3;3;0;0;5;136;234;5;5;0;4;4;5;0;4;1;4;1;1;0;1;0;0;5;0;3;0;0;0;0;1;0;1;0;0;885;198;316;11;32;162;2;2;4;9;8;4;2;3;2;0;0;0;1;2
121603;"gm. Lisia Góra";"tarnowski";"małopolskie";12;12;380;19;89;5;84;11;2;8;3;23;13;22;4;1;5;1;2;1;1;3;165;48;10;20;1;5;5;4;4;14;294;416;9;7;2;7;3;9;2;8;3;5;2;0;1;1;2;1;2;0;0;2;0;0;0;0;1;1;0;2;1465;368;762;23;44;89;12;0;3;37;6;2;1;5;2;1;6;1;4;2
121604;"gm. Pleśna";"tarnowski";"małopolskie";12;12;306;12;94;3;55;6;0;4;1;21;27;23;4;3;0;0;0;0;3;2;160;57;11;7;8;3;2;4;3;21;206;339;5;4;1;3;9;6;0;6;4;3;2;0;0;1;0;3;13;2;1;1;0;2;0;0;0;1;0;2;983;247;547;11;14;167;2;1;0;11;5;6;0;2;0;1;2;0;2;3
121605;"gm. Radłów";"tarnowski";"małopolskie";14;14;267;11;58;5;19;5;2;1;0;4;22;5;1;0;0;0;1;1;2;1;114;35;6;5;5;12;2;3;7;13;182;309;5;5;2;6;1;10;4;7;3;4;2;0;0;0;1;2;7;2;1;0;0;2;0;0;0;3;0;2;865;175;329;8;29;59;6;2;2;7;9;2;0;1;2;0;0;1;2;2
121606;"gm. Ryglice";"tarnowski";"małopolskie";9;9;230;8;41;6;17;6;1;2;0;20;15;22;3;3;1;1;0;0;1;2;101;34;12;5;4;7;5;0;0;7;225;258;8;4;1;3;2;7;3;6;2;4;0;0;1;1;0;0;7;2;3;0;0;0;0;0;2;0;1;0;866;281;387;9;22;377;2;1;0;13;6;5;1;5;1;0;3;0;1;1
121607;"gm. Rzepiennik Strzyżewski";"tarnowski";"małopolskie";6;6;101;5;15;0;1;6;0;6;0;6;4;6;3;0;1;0;1;0;2;0;105;12;9;5;3;3;3;3;2;3;129;197;1;6;1;2;2;3;1;1;2;4;1;0;0;2;0;2;3;0;0;0;0;0;1;0;1;1;0;0;761;195;127;7;14;284;2;0;2;9;1;2;0;12;0;0;2;0;0;1
121608;"gm. Skrzyszów";"tarnowski";"małopolskie";9;9;416;22;98;9;102;5;1;6;1;34;28;30;5;2;5;0;1;1;4;5;149;56;8;9;6;7;5;1;4;6;255;412;13;6;6;3;5;6;3;4;4;1;0;0;3;0;2;2;4;0;0;2;0;1;0;1;0;0;1;2;1355;294;703;26;29;127;6;3;2;16;7;8;3;0;2;2;6;1;1;2
121609;"gm. Tarnów";"tarnowski";"małopolskie";17;17;1241;50;298;19;305;18;7;8;2;62;113;82;8;3;7;1;3;3;5;6;340;189;36;16;17;16;10;13;11;24;559;754;26;11;1;7;7;14;5;14;10;24;4;1;4;0;3;3;15;2;2;3;2;1;0;0;3;1;1;3;2146;416;1473;32;59;109;15;4;6;66;15;14;4;8;6;8;8;1;0;9
121610;"gm. Tuchów";"tarnowski";"małopolskie";19;19;466;20;114;8;45;19;3;4;3;25;37;20;3;2;3;1;0;2;12;2;243;44;21;15;7;6;3;9;0;4;347;495;7;17;3;10;6;11;2;4;5;2;1;0;4;1;0;4;9;2;2;1;0;1;1;1;2;3;1;2;1575;315;558;6;27;709;5;1;1;14;15;5;1;9;0;0;1;2;2;1
121611;"gm. Wierzchosławice";"tarnowski";"małopolskie";11;11;385;18;125;14;107;7;1;4;0;24;20;35;1;1;3;0;0;1;2;1;176;38;20;5;6;3;3;1;3;25;216;341;15;8;6;6;6;2;1;3;3;7;0;0;2;1;0;1;7;0;1;0;1;0;0;0;1;3;0;0;993;192;541;9;20;78;6;2;5;9;11;3;1;0;2;0;1;0;1;4
121612;"gm. Wietrzychowice";"tarnowski";"małopolskie";8;8;60;4;8;4;1;2;0;3;1;2;2;4;1;0;0;0;1;0;0;0;76;9;2;0;6;1;1;4;6;18;53;81;1;5;1;1;0;2;0;0;2;2;0;1;0;0;1;0;2;0;0;0;0;1;0;0;0;2;1;2;324;67;76;2;3;98;1;1;1;0;3;0;0;1;0;0;0;0;0;0
121613;"gm. Wojnicz";"tarnowski";"małopolskie";13;13;401;11;124;8;46;6;2;5;4;52;22;17;3;0;3;0;3;0;3;2;169;45;15;6;5;7;5;1;4;13;266;439;14;7;3;7;4;11;2;5;5;17;0;1;0;0;0;2;6;1;0;0;0;0;1;0;1;1;0;0;1166;362;615;9;12;106;4;0;2;14;5;5;2;1;1;0;0;1;0;4
121614;"gm. Zakliczyn";"tarnowski";"małopolskie";18;18;273;27;58;6;18;7;1;3;1;26;28;7;2;0;3;0;1;2;0;1;194;38;10;12;6;3;1;1;2;4;204;352;14;4;3;6;6;8;0;2;6;2;1;0;0;2;1;1;3;0;2;2;1;2;0;0;0;3;0;1;1146;358;466;11;15;349;6;3;4;8;10;4;1;5;2;1;5;0;1;3
121615;"gm. Żabno";"tarnowski";"małopolskie";20;20;588;30;102;11;71;9;2;5;2;26;40;26;9;3;5;0;2;1;1;5;303;65;25;14;11;5;3;8;11;24;364;444;7;11;0;5;4;12;4;5;4;5;2;0;1;1;0;0;3;3;0;1;1;0;2;0;0;5;2;1;1775;501;591;14;48;121;9;1;5;22;16;13;0;2;7;1;5;2;5;2
121616;"gm. Szerzyny";"tarnowski";"małopolskie";5;5;116;4;10;2;7;6;0;0;0;3;13;6;2;1;2;0;0;2;1;0;81;10;9;1;4;5;3;1;1;29;150;193;9;2;1;1;1;3;1;4;6;0;1;0;0;0;0;0;1;0;0;0;0;0;0;0;0;0;0;0;850;108;147;5;14;312;3;0;1;6;2;1;0;2;0;0;0;1;1;3
121701;"m. Zakopane";"tatrzański";"małopolskie";24;24;2272;108;1562;45;15;33;13;10;4;165;154;173;19;2;20;0;19;5;4;17;217;21;48;31;55;31;10;18;4;26;457;694;42;15;2;6;10;4;7;12;6;2;3;2;3;2;3;0;12;1;3;3;0;0;0;0;3;1;4;2;1746;961;1096;16;54;7;11;4;111;29;19;11;2;3;2;15;10;2;2;8
121702;"gm. Biały Dunajec";"tatrzański";"małopolskie";8;8;84;2;126;2;0;1;0;2;0;9;7;8;0;0;1;0;1;0;0;0;42;3;14;3;2;1;0;1;0;9;115;175;4;3;0;4;5;0;2;2;1;0;0;0;0;0;0;1;6;0;0;0;0;0;0;0;0;0;0;0;547;311;236;9;9;4;2;2;5;6;2;0;0;1;2;1;0;1;1;2
121703;"gm. Bukowina Tatrzańska";"tatrzański";"małopolskie";10;10;334;9;248;5;1;6;1;2;0;34;10;21;1;0;2;0;5;0;1;2;100;19;15;6;10;8;2;1;2;3;192;461;13;11;3;2;3;3;0;2;6;4;0;0;2;1;0;0;6;0;1;1;0;3;0;0;1;0;2;0;1137;717;698;12;11;2;5;2;15;12;15;9;0;1;1;1;2;0;0;2
121704;"gm. Kościelisko";"tatrzański";"małopolskie";4;4;308;23;281;2;3;9;0;1;0;17;31;38;4;2;3;0;2;0;0;1;68;10;7;9;14;5;5;3;2;1;155;255;12;6;1;2;5;1;0;1;1;0;0;0;0;0;2;0;1;1;0;0;0;0;0;0;1;0;1;1;627;361;263;7;9;3;1;3;28;3;8;1;1;2;2;2;0;1;2;8
121705;"gm. Poronin";"tatrzański";"małopolskie";8;8;207;12;357;3;3;2;0;6;2;27;16;11;1;1;1;1;0;2;1;2;63;5;21;4;6;2;2;1;1;25;204;266;25;7;0;0;2;3;0;2;1;0;0;0;0;1;0;0;7;1;1;0;0;0;0;0;0;2;1;1;1009;480;273;11;17;1;4;1;15;6;2;5;0;0;3;8;2;0;1;2
121801;"gm. Andrychów";"wadowicki";"małopolskie";24;24;1960;116;255;39;24;54;6;20;11;1428;271;111;18;15;11;12;10;0;2;18;366;46;61;41;24;18;20;18;8;356;786;1099;70;60;8;13;24;15;11;10;8;4;3;5;8;3;4;5;21;2;0;3;2;3;0;1;4;4;3;2;3114;683;2316;35;40;10;20;5;13;55;28;14;3;13;7;4;13;5;8;12
121802;"gm. Brzeźnica";"wadowicki";"małopolskie";12;12;424;28;109;9;5;9;1;13;1;171;25;28;1;0;5;2;3;1;0;1;157;17;16;15;21;7;7;9;2;67;187;255;17;10;2;3;3;0;4;2;6;0;2;0;1;0;0;0;8;1;2;0;0;1;0;0;1;0;3;0;843;138;368;12;23;5;9;4;1;29;7;3;1;5;0;2;1;1;0;0
121803;"gm. Kalwaria Zebrzydowska";"wadowicki";"małopolskie";16;16;763;38;183;18;9;21;0;13;3;470;49;65;5;6;9;1;5;1;3;4;184;38;38;18;27;19;15;11;0;51;362;421;28;10;8;6;7;5;6;12;3;3;2;3;3;0;3;29;10;3;2;0;2;1;3;0;4;3;1;1;1480;363;746;20;16;6;8;3;3;35;13;12;1;4;1;4;1;1;2;4
121804;"gm. Lanckorona";"wadowicki";"małopolskie";4;4;180;7;45;10;2;5;4;2;0;177;10;27;5;1;1;2;1;0;1;0;30;4;9;7;12;7;5;1;1;17;116;156;5;3;2;3;0;3;3;1;1;0;0;1;1;0;0;15;4;0;0;1;1;0;0;0;0;1;0;0;517;108;170;4;16;1;3;1;4;9;4;1;2;2;1;0;1;0;0;0
121805;"gm. Mucharz";"wadowicki";"małopolskie";5;5;164;12;30;2;2;4;2;2;1;99;13;9;2;0;1;0;5;0;0;1;34;8;5;5;3;5;1;0;0;16;72;131;5;4;1;0;3;0;1;1;2;0;1;0;2;0;0;1;0;0;0;1;1;0;0;0;0;0;0;0;359;83;93;3;8;1;3;0;1;3;5;1;0;1;0;2;0;2;1;1
121806;"gm. Spytkowice";"wadowicki";"małopolskie";6;6;230;10;58;5;3;9;1;3;1;241;27;20;3;0;3;1;0;2;1;1;102;14;17;4;7;6;8;0;0;109;129;198;8;2;0;3;6;3;2;1;3;0;3;0;0;0;1;3;4;0;1;1;0;0;1;0;1;2;0;0;1135;180;253;4;7;1;3;1;1;4;5;4;1;2;2;1;1;1;2;3
121807;"gm. Stryszów";"wadowicki";"małopolskie";6;6;181;6;46;6;5;4;0;2;2;155;18;14;6;1;1;1;0;7;2;1;71;7;10;2;8;5;2;2;0;23;109;135;10;3;1;0;4;2;0;5;3;0;1;0;1;0;0;5;3;2;0;0;0;0;0;0;0;0;0;1;562;93;160;9;12;0;2;1;1;9;4;5;0;3;1;3;1;0;1;2
121808;"gm. Tomice";"wadowicki";"małopolskie";6;6;268;13;54;5;1;9;0;8;2;229;37;15;4;4;3;0;3;0;0;4;81;9;10;12;13;4;9;1;1;59;152;157;13;5;1;3;3;3;2;5;4;1;2;0;0;1;0;5;1;0;2;0;0;0;1;0;0;0;1;0;648;142;197;3;17;3;1;1;2;11;3;2;0;1;2;2;4;0;0;3
121809;"gm. Wadowice";"wadowicki";"małopolskie";28;28;1857;64;347;26;12;45;5;40;8;1469;176;108;13;9;13;3;11;1;3;11;357;46;48;40;40;19;19;22;15;128;565;743;44;37;6;17;9;8;4;14;12;3;2;2;6;2;6;8;15;2;5;1;1;2;1;0;3;5;3;4;3160;568;981;50;51;3;12;2;12;39;28;17;4;11;5;7;12;2;3;7
121810;"gm. Wieprz";"wadowicki";"małopolskie";9;9;345;24;48;3;2;11;2;7;1;273;29;25;5;2;6;6;0;1;0;1;115;19;19;8;8;5;2;2;2;120;215;317;17;4;2;4;8;5;1;8;3;1;3;0;2;0;2;2;6;0;1;1;0;1;0;0;3;2;0;1;1261;206;580;12;16;8;6;1;2;24;7;2;2;1;2;1;2;0;3;4
121901;"gm. Biskupice";"wielicki";"małopolskie";12;12;459;45;218;8;1;14;2;155;2;22;29;55;5;1;2;0;6;0;1;3;111;16;15;9;32;9;6;4;3;22;283;254;13;8;1;3;8;3;4;8;3;0;0;2;3;0;3;0;9;0;1;1;0;0;0;0;0;4;2;0;821;143;468;3;27;2;183;1;3;18;5;8;4;3;2;3;1;1;0;1
121902;"gm. Gdów";"wielicki";"małopolskie";27;27;681;33;225;11;4;19;7;74;1;74;48;35;7;0;7;1;9;3;2;3;446;21;28;17;61;21;13;9;0;28;416;494;36;8;4;11;10;6;3;13;2;1;2;2;2;0;3;0;16;0;0;1;1;0;0;1;1;4;3;1;1598;288;649;10;45;3;215;2;5;35;8;6;2;4;3;3;6;0;1;8
121903;"gm. Kłaj";"wielicki";"małopolskie";10;10;645;22;203;23;15;26;8;82;1;52;38;51;10;3;10;1;7;2;1;7;131;12;23;12;45;13;10;1;3;7;205;259;15;12;0;1;15;1;1;2;2;3;2;1;1;0;2;1;4;0;1;2;0;1;0;0;2;2;0;2;739;117;422;5;16;5;93;2;4;31;10;5;1;1;2;0;2;0;0;1
121904;"gm. Niepołomice";"wielicki";"małopolskie";22;22;1893;139;646;36;32;53;4;314;5;353;116;248;30;7;14;1;16;3;4;26;340;56;69;44;84;31;20;23;12;30;706;796;38;18;3;13;13;6;3;18;8;4;1;2;7;1;1;1;14;3;1;2;0;0;0;0;2;3;0;1;1894;344;1119;27;40;8;253;3;12;50;23;13;2;19;4;6;8;3;0;9
121905;"gm. Wieliczka";"wielicki";"małopolskie";39;39;4207;260;1373;88;30;120;20;2084;18;329;264;516;40;7;34;2;30;7;15;46;676;137;116;82;171;55;32;37;16;94;1756;1562;78;33;9;19;22;16;4;33;9;10;8;8;5;4;9;8;40;4;5;0;1;0;1;0;2;5;2;3;2907;538;2293;33;70;13;1370;4;17;100;48;35;6;12;11;6;16;8;8;12
260101;"gm. Busko-Zdrój";"buski";"świętokrzyskie";35;35;2084;147;179;20;12;22;60;2;7;31;325;66;20;7;10;3;7;0;3;15;1763;16;11;10;6;15;13;3;1;9;308;711;24;22;4;7;6;10;2;5;7;3;1;0;3;0;3;2;6;1;2;3;1;2;0;0;1;4;1;1;1499;176;2108;639;45;2;7;68;6;39;9;2;2;5;3;1;4;6;3;3
260102;"gm. Gnojno";"buski";"świętokrzyskie";8;8;45;9;3;1;0;0;0;1;1;0;21;6;1;1;0;1;0;0;0;0;167;0;0;0;1;3;0;0;0;2;47;92;1;1;1;0;2;0;0;5;1;4;0;0;0;0;0;0;2;0;0;0;0;0;1;0;1;1;0;0;212;23;267;115;25;0;0;80;2;4;3;0;0;0;0;0;0;0;2;0
260103;"gm. Nowy Korczyn";"buski";"świętokrzyskie";7;7;79;5;7;0;0;0;1;0;0;1;12;2;0;1;1;0;0;0;0;0;695;0;0;0;1;1;0;0;0;0;46;101;2;4;0;1;0;2;0;1;0;0;0;0;2;0;0;0;1;0;0;1;0;1;0;0;0;0;0;0;185;45;482;129;4;0;1;9;3;1;3;0;0;0;2;0;0;1;0;1
260104;"gm. Pacanów";"buski";"świętokrzyskie";8;8;132;10;10;0;2;2;4;0;0;2;35;11;1;0;2;0;0;0;0;3;346;0;1;0;2;1;0;0;13;3;44;155;4;11;2;3;2;0;0;1;1;1;1;0;0;2;0;3;3;0;0;1;1;0;0;0;1;1;1;1;416;50;388;104;18;3;5;32;1;6;4;0;0;0;0;0;1;24;0;1
260105;"gm. Solec-Zdrój";"buski";"świętokrzyskie";10;10;173;18;10;3;5;4;3;0;0;12;18;5;2;1;0;0;1;0;3;0;428;2;5;0;0;2;10;0;3;0;49;122;4;8;1;0;0;0;1;1;0;0;0;0;1;0;0;0;2;1;0;0;0;0;0;0;1;3;0;1;307;41;297;91;6;0;3;15;0;2;5;0;1;0;0;0;0;4;0;1
260106;"gm. Stopnica";"buski";"świętokrzyskie";14;14;179;4;15;2;0;1;1;1;0;0;30;6;0;3;0;0;0;0;1;0;356;1;2;0;0;3;1;0;1;2;86;146;9;10;0;0;1;2;0;1;1;2;0;0;0;0;0;0;6;1;0;1;0;1;0;1;0;1;0;0;395;43;459;173;11;3;1;10;0;2;4;1;0;0;0;0;0;5;0;0
260107;"gm. Tuczępy";"buski";"świętokrzyskie";4;4;51;20;3;2;0;1;0;0;0;0;16;7;3;1;3;0;1;0;0;1;143;1;0;1;0;0;0;0;0;0;50;83;5;1;0;0;4;1;1;0;2;0;0;1;0;0;0;0;0;0;0;1;0;0;1;0;0;2;0;0;194;33;165;96;11;0;0;19;2;1;1;0;0;2;1;0;0;2;0;0
260108;"gm. Wiślica";"buski";"świętokrzyskie";8;8;127;8;11;2;1;5;0;0;1;2;19;2;1;0;0;0;1;0;0;0;233;0;3;1;0;3;0;0;2;1;41;115;6;1;2;1;3;0;1;0;2;0;0;0;0;0;0;0;1;0;0;0;0;0;0;0;1;0;0;0;239;27;440;108;2;0;1;51;0;1;2;1;0;0;1;0;2;2;0;0
260201;"gm. Imielno";"jędrzejowski";"świętokrzyskie";4;4;80;2;2;2;3;3;11;4;1;2;23;0;0;0;0;0;1;0;0;0;182;4;0;0;1;0;0;0;0;0;26;77;1;2;1;1;0;0;0;0;2;0;0;2;1;0;0;1;0;0;0;1;0;0;0;0;0;2;0;0;214;7;243;123;10;1;2;8;0;5;0;1;0;0;0;0;0;0;1;1
260202;"gm. Jędrzejów";"jędrzejowski";"świętokrzyskie";30;30;1198;104;66;6;2;7;729;2;0;11;245;33;5;4;5;0;2;1;1;3;772;11;8;8;5;18;7;3;0;1;258;657;16;40;3;5;5;3;2;8;1;0;4;0;2;0;3;1;7;2;1;3;0;0;1;0;2;3;1;1;993;135;1564;881;20;4;8;64;3;12;10;7;0;5;2;34;1;0;3;1
260203;"gm. Małogoszcz";"jędrzejowski";"świętokrzyskie";8;8;226;24;25;5;1;5;21;1;1;3;40;9;1;1;3;0;1;0;0;0;338;2;7;4;1;7;14;1;0;0;113;260;8;24;5;2;3;8;4;2;1;0;1;0;0;0;2;1;2;1;0;0;0;0;0;2;0;6;1;0;536;105;810;601;15;1;3;12;2;6;2;1;0;0;0;3;2;0;1;0
260204;"gm. Nagłowice";"jędrzejowski";"świętokrzyskie";8;8;89;6;2;0;0;0;16;0;1;4;29;4;0;3;1;0;0;0;0;1;118;5;0;1;0;4;1;1;0;2;55;105;6;103;0;2;0;0;0;0;1;0;0;0;0;0;1;1;2;2;0;1;0;0;0;1;0;2;0;0;203;39;260;160;8;1;2;47;1;2;3;2;0;1;2;0;0;0;1;0
260205;"gm. Oksa";"jędrzejowski";"świętokrzyskie";9;9;85;11;2;2;0;2;12;0;0;1;16;3;0;0;2;0;0;0;0;1;236;0;1;3;0;2;22;0;0;0;36;102;1;19;0;1;0;0;0;0;0;1;1;0;0;0;1;0;0;1;0;1;1;0;0;1;0;0;0;0;252;29;232;190;7;1;0;35;0;5;4;0;1;0;0;0;0;0;0;0
260206;"gm. Sędziszów";"jędrzejowski";"świętokrzyskie";17;17;373;18;30;4;1;3;27;4;1;1;82;26;4;0;3;1;1;3;0;3;577;12;5;0;2;4;3;1;0;3;104;306;7;25;3;0;5;2;3;3;4;0;2;1;1;0;0;0;2;0;0;1;0;0;0;0;1;1;2;2;541;78;979;234;7;0;2;16;1;11;11;2;0;1;2;4;0;0;3;0
260207;"gm. Słupia (Jędrzejowska)";"jędrzejowski";"świętokrzyskie";4;4;74;11;0;2;0;1;1;0;0;0;19;7;0;0;1;0;0;0;0;0;159;0;2;1;1;2;2;0;0;0;32;103;3;56;0;1;4;1;0;2;0;1;0;0;0;0;0;0;0;0;0;0;0;0;0;0;0;0;0;0;211;22;278;48;10;0;0;11;0;0;2;2;0;0;2;0;0;0;1;0
260208;"gm. Sobków";"jędrzejowski";"świętokrzyskie";8;8;196;22;14;2;2;4;35;3;0;3;52;11;2;0;0;0;0;3;0;1;268;1;2;1;0;3;2;1;2;0;97;210;5;1;1;1;2;3;1;3;2;0;1;0;0;1;0;0;3;0;0;1;0;0;0;0;1;19;0;5;386;60;541;327;10;0;1;14;1;0;61;2;0;3;0;4;0;3;1;2
260209;"gm. Wodzisław";"jędrzejowski";"świętokrzyskie";9;9;147;7;8;1;4;6;27;3;0;2;30;11;1;1;2;0;1;0;0;1;257;3;2;2;2;1;1;0;0;2;64;132;5;35;1;2;1;3;0;1;2;0;0;0;0;0;1;1;2;0;0;0;0;2;0;0;0;1;0;1;310;41;323;284;14;1;1;58;0;0;2;0;0;1;0;3;0;0;1;3
260301;"gm. Bejsce";"kazimierski";"świętokrzyskie";3;3;65;2;11;0;0;0;1;0;0;3;18;6;0;0;0;0;1;0;1;1;196;0;1;0;1;0;1;0;0;0;44;89;2;2;0;1;3;0;0;1;1;0;0;0;0;0;0;2;0;0;0;1;0;0;0;0;0;0;0;0;190;47;96;39;2;0;0;48;0;0;2;1;0;0;0;0;0;1;0;0
260302;"gm. Czarnocin";"kazimierski";"świętokrzyskie";4;4;47;6;3;0;0;2;2;0;0;1;15;3;1;0;0;0;0;0;0;0;216;2;1;0;0;2;0;0;0;1;17;98;0;1;1;0;1;0;0;1;0;0;0;0;0;0;0;0;0;0;1;0;0;0;0;0;0;0;0;0;181;31;144;72;5;0;0;64;0;0;0;0;1;1;0;1;0;1;1;0
260303;"gm. Kazimierza Wielka";"kazimierski";"świętokrzyskie";16;16;591;11;38;5;2;5;30;3;1;5;71;18;4;1;7;0;5;0;0;4;626;5;1;3;4;6;1;0;2;3;143;363;4;2;3;1;0;2;0;4;2;0;3;2;1;0;0;2;7;1;1;1;0;2;0;1;0;0;0;3;652;56;518;161;20;5;1;407;1;11;5;2;3;2;0;0;2;1;3;1
260304;"gm. Opatowiec";"kazimierski";"świętokrzyskie";5;5;61;2;5;0;1;0;2;0;0;5;27;2;0;0;0;0;1;1;0;1;234;1;3;0;2;1;0;0;1;0;30;54;0;1;0;0;0;0;1;0;1;1;0;0;1;0;0;0;0;1;0;0;0;1;0;0;0;0;1;0;112;15;137;67;4;0;0;54;0;0;0;1;1;0;0;0;0;0;0;0
260305;"gm. Skalbmierz";"kazimierski";"świętokrzyskie";6;6;65;3;13;1;0;1;1;0;0;0;13;5;1;2;2;0;0;0;0;0;236;0;1;2;5;2;1;1;0;0;54;144;1;2;0;0;0;0;0;0;0;0;0;0;0;0;1;0;0;0;0;0;0;0;0;0;0;0;0;0;246;45;229;112;13;1;0;265;2;3;1;1;0;1;0;0;1;0;0;0
260401;"gm. Bieliny";"kielecki";"świętokrzyskie";11;11;119;34;6;2;2;3;2;1;0;1;26;10;2;2;3;0;2;0;0;0;255;0;4;1;0;4;1;0;0;1;159;253;9;3;2;0;5;3;3;0;1;3;3;2;1;0;0;0;3;1;0;0;0;2;0;0;0;1;0;1;318;142;820;515;6;1;0;18;0;3;5;4;0;0;2;0;0;0;0;2
260402;"gm. Bodzentyn";"kielecki";"świętokrzyskie";15;15;247;46;14;0;0;3;1;1;1;1;45;9;1;0;3;0;2;0;0;2;491;1;4;5;4;15;1;0;0;2;155;240;5;7;1;4;3;1;1;2;2;0;2;0;0;0;0;1;1;2;1;1;0;0;1;1;0;1;2;0;404;91;718;348;8;4;4;19;2;5;5;4;0;3;0;0;1;0;4;1
260403;"gm. Chęciny";"kielecki";"świętokrzyskie";17;17;546;86;42;8;2;13;1;3;4;5;144;30;3;2;10;0;2;1;1;4;579;6;8;5;3;25;2;1;1;2;229;448;12;7;0;1;9;2;3;3;0;0;2;1;1;0;0;2;2;2;3;1;0;1;1;1;2;3;3;4;496;131;1261;449;15;2;0;68;1;9;10;4;1;1;1;3;3;2;9;0
260404;"gm. Chmielnik";"kielecki";"świętokrzyskie";21;21;288;32;21;4;4;6;3;2;4;15;54;16;2;5;4;0;1;0;1;3;390;2;2;3;3;14;2;2;0;0;123;300;6;2;1;6;2;4;0;3;1;1;4;2;1;1;1;0;2;1;0;0;0;0;0;0;1;0;3;1;524;81;637;625;15;1;0;39;1;4;4;3;2;3;0;1;0;0;3;1
260405;"gm. Daleszyce";"kielecki";"świętokrzyskie";21;21;568;57;36;3;2;8;0;1;29;7;104;18;3;3;1;2;0;0;2;2;566;2;9;8;0;52;1;2;2;0;216;376;8;6;2;1;3;2;2;7;3;0;2;1;1;0;0;2;3;0;1;1;0;0;0;0;1;1;0;0;564;113;1202;565;27;2;3;29;3;7;8;8;0;3;0;2;1;6;11;1
260406;"gm. Górno";"kielecki";"świętokrzyskie";8;8;396;72;17;5;0;6;8;0;2;5;68;20;0;1;3;0;3;0;0;4;470;5;5;4;2;25;4;0;0;1;250;369;9;8;6;3;1;3;4;2;2;0;2;0;2;0;2;2;5;4;0;0;2;1;0;0;0;4;0;0;572;114;1410;471;12;0;2;61;4;12;8;1;0;4;6;1;1;0;6;3
260407;"gm. Łagów";"kielecki";"świętokrzyskie";10;10;60;14;2;0;1;0;0;0;0;2;20;7;1;0;2;1;2;0;0;0;232;3;1;0;1;15;1;0;0;0;60;175;4;0;1;1;3;0;0;1;1;0;1;0;1;0;0;3;2;0;1;0;1;1;0;0;0;0;1;0;392;102;355;323;11;0;2;8;1;3;9;0;0;4;0;2;2;1;3;0
260408;"gm. Łopuszno";"kielecki";"świętokrzyskie";10;10;154;72;11;0;0;2;2;1;0;3;55;13;3;3;0;0;2;1;0;1;358;1;1;1;1;4;14;0;0;0;109;255;7;8;2;1;5;1;2;1;2;1;1;0;1;0;0;0;1;0;1;0;0;0;0;0;0;0;0;1;353;219;617;300;6;0;2;21;1;6;3;2;1;1;1;0;0;1;14;0
260409;"gm. Masłów";"kielecki";"świętokrzyskie";12;12;634;123;56;5;3;8;3;5;4;10;113;34;4;3;5;0;4;0;1;2;509;2;5;4;1;19;3;3;3;0;197;299;6;4;4;2;7;6;3;4;1;0;3;0;1;0;2;1;5;1;0;0;0;1;0;0;0;4;1;1;291;75;849;262;12;2;3;39;1;2;3;6;0;4;0;1;0;3;2;3
260410;"gm. Miedziana Góra";"kielecki";"świętokrzyskie";9;9;541;88;45;4;1;2;2;0;2;4;98;40;8;7;1;0;2;1;0;5;781;4;4;2;0;43;8;2;0;1;191;323;21;9;1;0;7;3;2;3;0;0;2;2;3;0;1;0;3;0;0;2;0;0;1;0;0;0;0;1;378;77;952;277;12;3;1;43;3;4;5;6;2;1;0;3;2;1;27;0
260411;"gm. Mniów";"kielecki";"świętokrzyskie";11;11;158;37;11;1;2;3;0;2;0;1;50;8;1;1;0;1;1;0;0;0;269;1;0;1;1;6;1;1;1;0;96;208;1;2;1;1;3;0;4;3;0;0;0;0;0;0;0;1;2;0;0;0;1;1;0;0;2;1;0;0;375;64;820;438;13;3;1;26;1;2;5;1;0;0;0;1;1;1;2;0
260412;"gm. Morawica";"kielecki";"świętokrzyskie";20;20;838;215;84;3;3;11;7;4;6;10;184;36;4;1;4;1;3;0;0;8;787;1;12;8;0;24;6;1;2;5;280;401;20;13;4;4;6;1;2;5;5;0;2;2;0;2;2;1;7;1;1;0;0;0;0;2;3;2;0;1;656;106;1062;451;16;2;1;221;2;16;22;8;0;2;0;4;4;2;3;2
260413;"gm. Nowa Słupia";"kielecki";"świętokrzyskie";10;10;203;156;12;1;1;4;1;1;0;2;55;18;0;1;2;0;1;1;0;2;177;4;1;1;0;1;3;3;0;0;73;174;3;2;3;4;2;1;3;0;2;1;0;0;0;0;0;0;5;0;2;1;1;0;0;0;1;1;0;0;361;124;512;351;6;2;2;9;0;2;6;3;0;1;0;1;1;0;1;1
260414;"gm. Piekoszów";"kielecki";"świętokrzyskie";17;17;483;61;38;4;4;11;0;2;6;7;95;30;3;3;4;0;2;0;0;4;456;5;2;5;0;28;3;1;1;0;234;537;11;5;5;2;8;6;2;4;3;1;0;2;2;0;2;3;2;1;1;0;1;0;0;1;1;1;1;1;603;139;1339;490;12;4;4;137;1;11;5;2;2;2;2;1;4;1;8;6
260415;"gm. Pierzchnica";"kielecki";"świętokrzyskie";13;13;122;8;7;4;1;4;0;1;1;2;27;8;0;4;0;0;1;0;1;2;169;0;3;3;1;2;0;2;1;1;58;113;3;2;1;0;0;2;0;2;0;0;1;0;0;0;0;0;1;0;1;1;0;1;0;0;0;0;1;0;231;52;292;297;6;0;0;4;1;4;6;0;0;4;0;1;0;0;1;2
260416;"gm. Raków";"kielecki";"świętokrzyskie";10;10;134;19;13;0;0;0;0;1;0;2;36;4;1;0;0;0;0;1;0;0;172;2;3;2;2;1;0;0;0;1;68;138;1;4;2;1;1;1;0;1;0;0;0;2;0;0;1;0;1;0;0;0;0;1;0;0;0;0;0;0;212;67;235;356;8;1;1;3;0;2;2;1;0;1;1;0;0;0;4;0
260417;"gm. Nowiny";"kielecki";"świętokrzyskie";8;8;423;81;40;3;1;7;1;2;7;5;89;11;1;0;3;0;1;0;1;0;396;4;2;3;1;10;3;1;0;1;135;181;18;2;2;0;0;1;0;2;2;0;2;0;1;0;0;4;2;0;1;0;0;1;0;0;0;3;0;0;232;57;570;174;9;0;2;38;0;8;6;2;0;2;0;0;4;1;1;1
260418;"gm. Strawczyn";"kielecki";"świętokrzyskie";11;11;299;37;27;8;0;4;3;1;1;4;61;15;2;1;2;0;2;0;0;1;293;0;7;3;1;15;5;1;1;1;179;393;7;8;1;2;1;1;3;4;4;0;1;0;2;1;0;0;1;2;1;0;0;0;0;0;0;0;0;3;369;118;1028;433;8;1;4;29;1;12;8;5;1;1;4;2;3;0;7;0
260419;"gm. Zagnańsk";"kielecki";"świętokrzyskie";13;13;679;100;52;3;1;11;13;3;4;14;89;26;4;7;8;0;7;0;3;2;540;4;1;3;0;44;4;2;1;6;159;279;6;4;2;2;5;3;1;4;5;2;1;0;1;0;1;2;4;0;1;2;0;0;1;1;0;3;1;1;296;59;1376;262;8;1;3;31;1;9;5;4;1;1;1;2;2;1;3;1
260501;"gm. Fałków";"konecki";"świętokrzyskie";3;3;104;20;7;1;1;2;0;0;0;1;38;1;0;1;3;0;0;0;0;2;76;0;4;2;1;4;1;0;0;0;27;59;5;2;0;3;2;1;1;1;0;0;0;0;0;0;1;0;0;0;0;0;0;0;0;0;0;1;1;1;259;105;245;54;6;0;2;8;0;3;7;1;0;0;0;0;0;0;0;0
260502;"gm. Gowarczów";"konecki";"świętokrzyskie";5;5;101;9;6;2;1;2;0;0;0;1;77;9;3;1;5;0;1;0;0;1;115;0;0;2;1;1;0;0;0;0;47;117;1;4;0;0;1;0;0;2;1;0;1;0;0;0;1;0;1;0;1;2;0;1;0;0;0;0;0;0;204;26;456;86;4;3;2;11;0;2;2;2;0;0;2;0;1;0;0;2
260503;"gm. Końskie";"konecki";"świętokrzyskie";27;27;1705;175;108;16;3;29;5;8;2;20;1537;53;7;4;5;0;5;1;0;4;868;16;9;12;7;33;7;4;5;7;366;698;15;12;2;1;13;8;6;14;6;5;3;0;2;1;1;2;13;2;0;2;2;1;0;1;4;2;2;0;1659;450;1823;721;63;5;6;252;7;17;10;14;3;6;3;1;4;0;2;4
260504;"gm. Radoszyce";"konecki";"świętokrzyskie";9;9;122;15;3;0;0;5;0;1;0;3;65;10;1;1;0;0;0;0;0;1;250;3;2;1;0;2;2;1;1;0;94;233;10;3;0;0;1;5;1;3;1;1;1;0;1;0;0;1;2;0;0;1;0;0;0;0;0;0;0;1;533;162;502;162;12;2;1;86;1;2;1;1;0;3;1;1;1;0;0;1
260505;"gm. Ruda Maleniecka";"konecki";"świętokrzyskie";6;6;88;22;5;2;0;1;0;0;0;3;48;5;0;0;1;0;0;0;0;2;151;1;2;1;0;0;0;1;0;2;44;73;2;1;2;0;0;0;0;2;0;0;2;0;0;0;0;0;2;0;0;0;1;2;1;0;0;0;0;0;194;26;237;61;5;1;0;43;0;3;4;2;0;0;3;0;1;0;0;0
260506;"gm. Słupia Konecka";"konecki";"świętokrzyskie";7;7;33;10;3;2;1;0;0;0;0;1;27;2;1;0;1;0;0;0;0;0;126;0;2;1;1;1;5;1;0;0;37;75;0;6;1;2;0;0;3;1;1;0;1;1;0;0;0;0;0;0;0;0;0;0;0;0;0;1;0;1;176;86;150;87;3;0;0;17;0;5;2;1;1;0;1;0;1;0;0;0
260507;"gm. Smyków";"konecki";"świętokrzyskie";7;7;71;8;5;3;1;3;0;0;1;1;28;4;0;0;0;0;0;0;0;1;109;1;1;0;0;1;0;1;0;0;67;90;4;2;1;0;1;0;2;1;1;1;0;0;0;0;0;0;2;0;0;0;1;0;0;0;0;0;1;0;210;57;247;101;5;2;0;29;0;0;12;1;0;0;0;1;0;0;1;0
260508;"gm. Stąporków";"konecki";"świętokrzyskie";21;21;695;37;39;9;2;7;1;3;1;9;395;19;3;9;1;0;1;0;1;3;420;4;2;4;3;9;5;0;0;2;150;326;13;7;1;4;6;3;0;2;2;1;0;0;1;1;1;1;3;1;0;3;1;1;0;0;2;4;1;1;597;74;1086;231;27;1;3;52;6;1;4;3;0;5;2;2;2;4;2;4
260601;"gm. Baćkowice";"opatowski";"świętokrzyskie";5;5;47;3;1;1;2;3;0;1;0;0;16;4;2;1;0;0;0;0;0;0;163;1;0;2;2;0;0;1;0;1;49;116;1;2;0;1;1;2;0;0;0;0;0;0;0;1;1;1;2;0;2;0;0;1;0;1;1;0;0;0;280;40;236;297;3;1;7;4;0;2;2;1;0;0;1;0;0;0;0;0
260602;"gm. Iwaniska";"opatowski";"świętokrzyskie";12;12;82;8;3;0;0;1;1;1;1;1;14;4;1;0;2;0;0;0;1;0;231;5;2;1;1;0;0;0;1;1;50;196;1;3;0;3;2;2;1;2;0;1;1;0;0;1;0;1;5;1;1;0;0;0;0;0;1;2;0;0;410;61;389;314;13;3;5;5;2;2;4;3;0;0;0;0;2;0;0;0
260603;"gm. Lipnik";"opatowski";"świętokrzyskie";12;12;84;4;7;1;0;3;0;1;0;4;29;1;0;0;2;0;0;0;0;2;138;2;3;3;1;2;0;1;1;1;46;168;3;1;2;1;2;0;1;2;1;0;0;0;0;0;0;1;4;0;1;0;0;0;1;0;0;2;0;1;293;17;195;185;3;0;1;2;2;5;1;1;0;2;1;0;1;0;0;0
260604;"gm. Opatów";"opatowski";"świętokrzyskie";14;14;425;22;16;4;0;6;3;1;1;12;89;29;1;2;3;0;2;0;1;1;454;1;5;2;3;12;0;1;1;3;80;348;8;4;0;2;1;2;3;4;1;1;1;0;0;1;0;1;6;1;0;1;1;0;0;0;0;3;2;1;489;51;631;423;12;1;5;3;2;2;6;4;5;2;1;2;1;1;0;1
260605;"gm. Ożarów";"opatowski";"świętokrzyskie";21;21;361;20;31;8;1;9;5;3;3;12;93;10;3;3;8;0;0;1;0;4;429;6;4;5;3;7;1;0;0;1;101;272;6;6;0;0;6;3;6;3;3;1;1;0;0;0;0;2;5;2;1;2;0;1;0;1;0;1;1;2;500;63;516;281;7;5;4;1;2;6;4;3;3;0;0;2;1;2;0;1
260606;"gm. Sadowie";"opatowski";"świętokrzyskie";6;6;76;7;5;1;0;0;1;0;1;0;28;2;0;0;4;0;0;0;0;0;119;5;3;0;0;0;0;0;0;0;34;135;8;5;0;0;3;0;1;1;0;0;0;0;1;0;1;0;3;0;0;0;0;1;1;0;0;0;0;0;230;29;143;171;7;0;1;1;2;0;0;1;0;2;0;0;0;0;0;0
260607;"gm. Tarłów";"opatowski";"świętokrzyskie";6;6;83;10;9;1;2;2;0;0;0;3;30;9;1;1;1;0;0;0;0;1;136;1;1;1;0;1;1;1;0;0;57;106;6;1;2;1;1;1;1;2;0;0;1;1;0;0;0;0;1;0;0;0;0;0;0;1;0;3;1;1;261;56;312;141;2;0;1;3;4;0;2;2;1;0;1;0;1;2;2;0
260608;"gm. Wojciechowice";"opatowski";"świętokrzyskie";6;6;66;6;5;1;0;1;1;0;0;1;17;1;1;1;3;2;0;0;1;0;230;2;2;2;0;0;5;0;0;2;56;134;3;0;1;1;2;0;2;1;0;0;0;0;2;0;0;0;0;0;1;0;1;1;0;0;0;1;3;0;206;18;164;100;4;0;0;0;1;0;1;3;0;0;0;0;0;0;1;0
260701;"m. Ostrowiec Świętokrzyski";"ostrowiecki";"świętokrzyskie";38;38;4717;436;299;40;14;58;14;19;7;40;945;133;20;18;19;1;17;4;7;16;2105;34;37;24;9;77;14;3;2;5;551;1070;58;23;5;14;9;17;12;25;8;2;5;3;12;2;2;3;22;0;1;1;6;2;2;1;1;10;3;4;2557;489;3029;658;70;3;34;25;11;43;32;18;5;8;5;6;3;9;6;5
260702;"gm. Bałtów";"ostrowiecki";"świętokrzyskie";8;8;108;18;4;2;0;2;0;0;1;0;21;5;3;0;0;0;0;0;1;0;95;0;4;2;1;3;1;0;2;2;38;71;5;1;2;0;1;1;0;1;0;1;1;0;0;0;0;0;1;0;0;0;0;1;0;0;1;1;0;0;111;10;77;298;0;1;1;0;1;2;0;1;0;1;2;0;0;1;0;1
260703;"gm. Bodzechów";"ostrowiecki";"świętokrzyskie";16;16;621;60;36;1;1;12;3;4;2;3;133;21;6;5;9;1;4;0;2;5;509;8;4;4;3;13;2;2;1;2;135;380;12;7;2;2;4;1;4;7;1;0;2;0;1;0;0;1;1;0;1;1;0;0;0;0;1;1;1;1;661;100;563;172;17;3;9;5;1;10;7;6;1;3;1;1;2;1;5;1
260704;"gm. Ćmielów";"ostrowiecki";"świętokrzyskie";9;9;302;29;11;0;1;1;0;1;0;2;86;7;1;1;1;0;1;0;0;2;211;4;5;1;4;7;0;0;0;1;81;178;6;2;0;0;0;5;7;2;3;0;1;0;0;1;0;0;7;0;1;0;0;0;1;0;0;1;0;0;357;32;228;157;2;0;6;2;5;3;5;1;0;1;1;0;0;1;3;1
260705;"gm. Kunów";"ostrowiecki";"świętokrzyskie";14;14;358;50;23;5;0;3;1;4;0;12;67;19;1;4;1;2;1;0;0;5;328;3;6;3;0;4;2;1;0;2;102;193;9;6;0;0;2;3;3;2;2;4;0;0;1;1;0;1;0;1;0;0;0;0;0;0;0;1;0;1;474;91;424;178;15;4;8;5;3;6;2;2;0;2;0;0;3;0;0;1
260706;"gm. Waśniów";"ostrowiecki";"świętokrzyskie";10;10;80;18;1;1;0;0;0;1;0;1;20;9;1;0;0;0;0;0;0;1;232;1;3;0;0;4;0;1;0;0;51;161;4;2;1;0;2;1;2;3;3;1;0;0;1;0;0;1;4;0;3;0;1;1;0;0;0;1;1;0;378;84;348;115;1;0;4;3;0;3;3;0;0;0;0;1;0;0;1;1
260801;"gm. Działoszyce";"pińczowski";"świętokrzyskie";6;6;100;7;7;1;0;1;0;2;0;0;25;1;1;0;1;0;0;0;0;1;237;1;0;0;6;1;1;0;1;1;37;108;5;2;0;0;1;2;0;1;0;0;0;0;0;0;0;0;1;0;1;2;0;0;0;0;0;0;0;0;222;47;118;204;7;0;2;38;25;1;2;1;1;2;0;0;1;0;1;1
260802;"gm. Kije";"pińczowski";"świętokrzyskie";6;6;82;9;11;0;1;0;3;1;2;1;25;7;1;0;0;0;0;2;0;2;180;1;1;0;0;0;1;0;0;0;50;142;0;0;1;3;0;0;0;4;0;0;0;1;0;0;1;0;0;0;0;0;0;0;0;0;0;0;1;0;260;54;223;121;4;0;2;28;2;4;1;0;0;2;0;0;0;0;0;0
260803;"gm. Michałów";"pińczowski";"świętokrzyskie";6;6;76;8;5;1;0;4;0;1;0;0;24;4;1;0;2;0;0;0;3;0;206;0;3;1;2;7;0;0;0;0;29;102;2;4;0;0;1;1;0;0;1;0;1;1;0;0;0;0;2;0;0;0;0;0;0;0;1;0;0;0;235;59;165;143;8;0;0;44;1;6;0;1;0;1;0;0;0;2;1;0
260804;"gm. Pińczów";"pińczowski";"świętokrzyskie";18;18;996;120;50;7;6;16;10;6;6;18;158;24;5;4;3;1;3;1;1;6;806;6;4;6;5;25;8;2;2;1;208;453;8;6;4;2;4;1;5;5;1;2;0;0;2;1;0;3;9;1;1;0;2;0;0;0;2;1;0;0;753;111;683;557;29;3;2;104;0;9;2;3;3;3;2;1;1;0;4;4
260805;"gm. Złota";"pińczowski";"świętokrzyskie";5;5;80;11;1;0;0;0;2;2;0;2;37;5;0;2;0;0;0;0;0;3;281;0;2;1;1;2;3;0;0;1;48;86;3;1;1;1;1;1;0;1;2;1;1;0;0;0;0;0;2;1;0;0;0;2;0;0;0;0;2;1;185;28;192;105;4;2;0;27;1;3;3;1;0;0;0;0;1;0;0;1
260901;"m. Sandomierz";"sandomierski";"świętokrzyskie";15;15;1798;74;102;13;15;21;3;2;1;41;341;52;6;9;21;4;5;1;0;7;983;10;18;11;2;14;11;2;1;7;246;476;11;6;0;5;9;6;3;12;6;0;1;3;3;2;1;3;10;1;1;1;2;1;1;0;1;2;2;3;891;124;1151;237;26;3;5;15;7;16;11;4;1;5;3;0;3;2;4;2
260902;"gm. Dwikozy";"sandomierski";"świętokrzyskie";14;14;209;12;23;3;1;2;0;0;1;2;39;7;2;1;12;1;0;0;0;1;487;5;2;0;0;4;1;0;1;3;86;223;5;2;0;2;5;0;0;1;2;0;2;0;0;1;1;0;2;0;0;1;1;1;0;1;0;1;0;1;387;40;360;141;9;1;3;3;0;6;5;4;1;0;0;0;0;0;0;1
260903;"gm. Klimontów";"sandomierski";"świętokrzyskie";14;14;203;10;6;1;1;1;3;0;4;4;24;7;0;1;2;0;0;0;0;1;262;4;8;2;0;3;4;0;1;0;66;181;7;4;1;1;2;1;0;6;1;0;1;0;0;1;1;0;4;0;1;0;0;0;1;0;0;0;0;1;436;76;362;226;6;2;2;6;0;1;1;2;0;1;0;0;0;1;1;0
260904;"gm. Koprzywnica";"sandomierski";"świętokrzyskie";11;11;149;8;4;3;0;0;0;1;0;4;26;5;0;0;2;0;0;0;2;1;357;2;3;1;2;2;2;0;1;0;70;190;5;3;0;0;2;1;2;0;1;0;1;0;0;0;2;0;1;0;0;1;0;0;1;0;0;1;0;1;425;90;492;136;10;1;0;15;1;0;2;1;1;0;0;0;0;0;1;1
260905;"gm. Łoniów";"sandomierski";"świętokrzyskie";7;7;117;6;8;2;4;4;0;1;0;2;9;7;3;1;1;0;1;0;0;1;347;1;3;1;2;1;2;0;2;2;87;156;6;1;2;1;1;0;0;3;2;1;2;1;0;0;0;0;4;0;1;0;0;0;0;1;1;0;2;0;447;100;322;175;8;2;1;31;1;13;4;3;4;1;1;0;1;1;1;0
260906;"gm. Obrazów";"sandomierski";"świętokrzyskie";6;6;138;11;6;3;0;3;0;0;0;5;37;7;0;0;2;1;2;0;0;0;252;1;0;3;3;0;1;1;0;1;70;186;1;3;2;3;3;4;0;3;2;0;2;2;0;0;0;1;2;0;0;0;0;0;0;0;0;0;0;0;339;39;317;146;6;1;0;1;1;5;3;1;0;2;0;0;0;0;0;0
260907;"gm. Samborzec";"sandomierski";"świętokrzyskie";10;10;191;16;13;2;0;4;1;1;1;8;30;6;2;3;11;1;0;0;1;0;461;6;3;3;2;3;4;2;0;2;127;278;3;3;4;3;2;1;1;1;3;0;1;0;1;1;0;0;4;1;0;0;0;2;0;0;0;1;0;0;332;57;659;233;6;0;0;5;1;6;2;3;0;0;4;0;3;0;0;3
260908;"gm. Wilczyce";"sandomierski";"świętokrzyskie";7;7;69;0;5;0;0;0;0;1;0;0;12;3;0;0;33;0;0;1;1;0;206;0;2;0;0;1;1;0;0;0;32;118;3;2;1;1;2;0;1;1;0;0;0;0;0;0;0;0;1;0;0;0;0;0;0;0;0;0;0;0;166;40;168;92;4;0;0;9;1;3;1;1;0;3;0;0;0;0;0;0
260909;"gm. Zawichost";"sandomierski";"świętokrzyskie";5;5;114;5;13;0;0;3;0;1;0;1;21;4;1;0;4;0;0;0;0;1;173;1;3;0;0;1;0;1;1;0;30;112;4;1;1;1;1;1;0;0;1;0;0;0;1;0;0;1;0;0;0;0;0;2;0;0;0;1;1;0;179;42;205;197;2;0;1;0;0;0;0;0;0;0;0;0;1;0;0;0
261001;"m. Skarżysko-Kamienna";"skarżyski";"świętokrzyskie";32;32;3500;297;229;30;8;34;14;6;12;29;548;112;12;66;17;5;6;0;2;6;1470;8;14;11;8;54;3;11;2;5;451;796;14;17;1;8;14;6;12;12;9;0;4;1;4;4;4;5;16;1;0;2;1;2;2;2;3;5;2;2;1371;363;2776;405;40;2;12;86;12;23;25;8;2;6;3;1;7;0;12;6
261002;"gm. Bliżyn";"skarżyski";"świętokrzyskie";5;5;363;65;35;3;2;5;1;2;2;9;71;12;0;13;3;0;0;0;0;3;239;4;4;2;2;4;2;1;1;1;93;174;6;3;0;4;4;4;1;1;1;1;2;0;0;0;2;1;2;0;0;0;0;0;0;0;1;2;2;0;284;65;587;93;11;1;1;6;4;2;9;2;0;1;0;0;4;0;1;1
261003;"gm. Łączna";"skarżyski";"świętokrzyskie";8;8;87;11;7;5;0;1;0;0;0;1;32;11;1;1;0;0;0;0;0;0;214;0;1;1;0;2;0;1;0;1;79;124;6;1;0;1;1;0;1;1;0;1;1;0;1;1;0;1;2;0;0;0;1;0;0;0;0;0;0;0;177;45;490;66;5;1;1;30;1;1;6;2;0;1;2;0;1;1;2;0
261004;"gm. Skarżysko Kościelne";"skarżyski";"świętokrzyskie";6;6;241;20;17;1;0;4;5;1;1;7;29;8;1;13;1;0;2;0;1;3;243;4;1;0;0;6;0;1;0;3;96;117;6;1;0;0;2;1;7;2;1;0;1;0;1;1;0;3;1;0;0;0;0;0;0;1;1;3;1;0;342;15;313;64;15;1;2;18;2;4;1;6;0;1;2;0;0;0;0;0
261005;"gm. Suchedniów";"skarżyski";"świętokrzyskie";12;12;540;100;38;7;4;4;2;1;5;7;102;18;2;3;3;0;4;1;0;4;507;3;7;1;1;12;1;0;0;3;123;156;9;3;1;2;2;2;2;1;0;1;1;0;0;0;0;0;6;0;0;0;0;0;1;0;1;3;2;1;335;69;566;112;6;0;1;42;0;3;8;2;0;1;1;1;1;3;1;3
261101;"m. Starachowice";"starachowicki";"świętokrzyskie";24;24;3777;239;239;36;7;41;10;13;13;46;580;113;19;16;15;2;9;3;8;19;1506;13;26;16;12;38;17;11;2;8;501;872;22;19;9;8;11;13;23;7;13;2;6;3;6;1;2;4;16;1;4;1;0;2;0;0;4;4;2;4;1940;272;2449;434;55;14;22;28;9;36;38;23;4;15;3;4;8;6;8;10
261102;"gm. Brody";"starachowicki";"świętokrzyskie";13;13;364;33;35;6;0;9;1;2;3;8;48;11;4;1;3;0;1;0;1;2;265;4;2;4;0;12;1;0;2;2;132;258;4;7;3;2;3;3;7;1;3;2;1;0;2;0;0;0;0;0;2;0;0;1;0;0;0;1;0;3;489;118;606;210;18;0;1;10;1;5;2;5;0;2;0;2;1;0;2;1
261103;"gm. Mirzec";"starachowicki";"świętokrzyskie";10;10;182;13;15;6;0;3;0;0;1;2;32;7;0;4;7;0;0;0;0;1;314;7;3;3;0;8;0;1;0;6;89;266;11;1;1;2;1;0;46;1;1;0;1;0;0;0;2;1;3;0;2;0;0;1;0;0;0;1;1;0;378;121;744;90;10;0;2;66;0;4;5;0;0;3;1;0;0;0;1;0
261104;"gm. Pawłów";"starachowicki";"świętokrzyskie";17;17;223;14;15;4;2;9;1;0;0;5;35;8;0;1;4;1;0;0;0;0;348;1;1;3;1;10;0;0;0;1;203;339;8;3;2;5;3;3;14;1;1;0;0;0;2;0;0;0;4;1;0;0;0;0;1;0;0;2;0;0;833;118;944;346;30;1;5;6;3;6;8;4;0;1;3;2;3;0;3;2
261105;"gm. Wąchock";"starachowicki";"świętokrzyskie";6;6;368;32;20;3;1;4;2;0;1;13;43;10;2;2;2;0;0;2;1;1;245;5;2;2;0;1;7;1;2;2;75;166;7;3;0;1;1;2;8;1;1;1;0;0;2;0;0;0;3;0;2;0;0;0;0;0;0;2;0;0;295;34;428;181;15;0;2;6;1;8;4;1;1;5;0;1;0;2;2;0
261201;"gm. Bogoria";"staszowski";"świętokrzyskie";10;10;150;11;6;2;0;4;0;1;0;1;19;4;1;0;2;0;1;0;0;0;312;1;1;5;0;1;0;0;1;1;54;178;7;1;1;2;1;0;2;0;4;2;0;0;0;1;0;3;1;1;2;0;0;1;0;2;1;2;3;0;400;27;319;436;22;0;1;27;2;0;3;5;0;1;0;1;0;1;0;0
261202;"gm. Łubnice";"staszowski";"świętokrzyskie";4;4;64;1;10;0;1;0;0;2;0;0;13;8;4;0;3;0;0;0;0;0;144;3;0;1;1;0;1;2;0;0;46;112;2;0;2;1;1;1;1;1;2;0;0;0;0;0;0;0;1;0;2;0;0;1;0;1;0;1;0;0;218;34;169;270;3;0;1;6;0;2;3;0;0;0;0;0;0;0;0;2
261203;"gm. Oleśnica";"staszowski";"świętokrzyskie";7;7;60;5;5;0;1;6;1;2;0;0;10;3;0;0;1;0;1;0;0;0;181;0;8;3;0;2;0;1;0;1;35;58;3;7;0;0;1;2;0;1;1;0;1;0;1;0;1;0;0;0;0;1;0;0;0;0;0;0;0;0;201;20;98;117;4;0;65;11;0;1;1;0;1;0;0;0;0;13;0;0
261204;"gm. Osiek";"staszowski";"świętokrzyskie";11;11;97;9;5;1;0;3;0;1;0;2;13;4;1;1;2;0;0;0;0;0;132;2;1;0;0;1;2;0;0;0;85;238;5;1;2;2;2;1;3;1;2;0;0;1;2;0;1;0;4;0;0;0;0;0;0;2;0;0;1;0;478;69;431;489;12;0;2;125;1;2;4;2;0;1;0;0;1;3;0;0
261205;"gm. Połaniec";"staszowski";"świętokrzyskie";13;13;445;23;51;4;2;0;0;1;2;6;71;6;3;4;3;0;1;1;1;1;469;10;3;7;2;4;2;2;0;5;144;273;4;2;0;3;4;4;2;3;0;0;1;0;0;0;5;2;7;1;0;1;0;1;1;1;0;1;0;0;639;119;619;449;13;4;3;28;0;6;7;4;0;1;1;0;0;3;0;3
261206;"gm. Rytwiany";"staszowski";"świętokrzyskie";11;11;154;16;10;0;1;3;1;1;0;1;41;13;2;1;3;1;1;0;1;0;242;5;2;1;1;2;0;0;0;0;100;158;3;2;0;2;2;1;1;3;0;1;1;0;0;0;0;0;4;0;0;0;0;0;0;0;0;0;1;0;373;33;259;290;7;2;1;7;0;1;5;4;1;0;1;0;0;9;0;0
261207;"gm. Staszów";"staszowski";"świętokrzyskie";29;29;1067;81;79;5;3;13;3;3;5;8;210;35;6;3;4;0;0;0;1;3;966;7;9;1;4;9;8;4;0;5;223;606;13;9;1;6;5;5;1;2;5;2;4;1;4;0;1;0;10;1;0;0;0;1;0;0;0;1;2;0;854;130;1250;1032;69;0;2;92;2;17;5;9;1;2;2;1;1;8;3;1
261208;"gm. Szydłów";"staszowski";"świętokrzyskie";7;7;94;12;9;0;0;1;0;0;0;3;26;3;1;0;0;0;0;0;0;0;239;1;1;3;0;0;1;0;1;0;49;177;2;3;0;2;2;1;2;0;2;0;1;0;0;1;0;1;0;1;0;2;0;0;0;0;0;0;0;0;205;31;197;211;18;1;0;24;2;2;2;1;0;0;2;0;1;0;1;0
261301;"gm. Kluczewsko";"włoszczowski";"świętokrzyskie";5;5;91;4;10;1;2;1;1;0;0;1;16;5;3;1;0;0;1;0;0;1;148;0;0;1;0;0;87;2;0;1;89;118;2;7;1;0;1;0;1;2;0;1;0;0;0;0;0;0;5;0;0;0;0;1;0;0;0;0;1;1;396;67;347;151;7;1;1;8;0;1;0;1;0;2;0;0;0;1;0;0
261302;"gm. Krasocin";"włoszczowski";"świętokrzyskie";7;7;210;36;11;3;0;7;1;4;1;2;61;14;0;2;3;0;0;0;0;1;237;1;5;0;0;4;147;0;0;0;120;239;12;34;1;1;3;4;2;6;0;0;0;0;0;0;0;1;5;0;0;0;0;1;0;0;1;0;1;0;606;108;675;242;11;2;4;42;0;3;5;0;1;1;3;0;0;2;1;3
261303;"gm. Moskorzew";"włoszczowski";"świętokrzyskie";4;4;49;3;1;0;0;0;0;0;1;0;17;5;0;1;0;1;3;0;1;0;74;0;1;1;0;0;34;1;0;0;27;74;2;93;0;0;2;0;0;0;0;0;0;0;0;0;0;0;0;0;0;0;0;0;0;0;0;0;0;0;209;17;99;40;4;0;1;14;0;2;0;2;0;0;0;0;0;0;0;0
261304;"gm. Radków";"włoszczowski";"świętokrzyskie";3;3;54;2;0;2;1;0;0;1;0;2;14;1;0;1;0;1;0;0;0;0;94;0;0;1;0;0;29;0;0;0;24;59;0;32;0;2;0;1;0;0;0;0;0;0;0;0;0;0;0;0;0;0;0;0;0;0;0;0;0;0;159;26;101;47;6;0;1;24;0;0;1;0;0;0;0;1;0;0;0;0
261305;"gm. Secemin";"włoszczowski";"świętokrzyskie";8;8;91;9;8;0;0;1;0;0;0;0;18;5;0;1;1;0;0;0;0;4;198;2;2;1;0;2;66;0;0;0;34;100;1;26;3;2;1;3;0;2;1;1;0;1;0;0;0;0;1;0;0;0;0;0;0;0;0;0;0;1;356;43;160;65;8;1;1;10;2;2;2;0;0;3;0;1;0;0;0;1
261306;"gm. Włoszczowa";"włoszczowski";"świętokrzyskie";15;15;544;25;28;7;1;10;1;4;1;12;157;35;7;0;4;0;2;1;0;2;742;3;1;3;4;7;613;0;1;0;205;510;10;45;2;3;4;3;3;5;4;0;2;0;2;2;0;1;3;0;0;1;0;0;0;0;0;1;0;1;970;155;1118;322;15;1;3;80;0;11;6;2;0;0;5;0;1;1;2;2
126101;"";"Kraków";"małopolskie";456;456;83578;6235;22640;3242;735;2153;350;1319;370;8634;6060;19185;1459;287;637;76;1532;123;203;1531;8668;1556;1975;1500;5523;1154;416;825;186;758;19598;15884;1198;341;165;166;206;189;95;405;172;124;89;70;76;71;50;86;631;140;36;28;22;21;20;14;44;116;40;51;33791;9765;27513;706;1114;254;412;132;394;2233;705;550;124;229;106;87;200;69;103;204
126201;"";"Nowy Sącz";"małopolskie";53;53;5314;172;1160;66;36;1797;18;30;17;858;323;199;20;5;19;2;12;15;5;26;493;59;562;36;36;35;15;13;6;35;1555;2144;67;37;2;23;28;21;12;27;16;8;8;2;5;2;5;9;27;7;2;1;1;3;1;3;3;11;7;7;3959;3596;5029;81;87;14;19;13;29;92;69;23;6;31;9;3;11;7;9;14
126301;"";"Tarnów";"małopolskie";75;75;8415;281;1808;128;2175;99;9;43;22;473;629;335;50;23;37;6;21;14;16;50;1262;721;112;62;72;67;34;21;42;72;1738;2600;56;47;19;30;31;33;7;36;22;36;10;4;13;6;3;8;53;4;3;3;1;0;0;1;9;11;7;6;5558;2160;4547;96;303;266;48;14;30;159;79;50;12;27;12;10;13;6;8;22
266101;"";"Kielce";"świętokrzyskie";95;95;17698;2969;1339;156;41;173;128;46;89;166;3402;689;79;70;56;8;51;8;10;67;7864;85;89;76;29;523;62;17;12;47;2507;3868;164;65;23;34;40;36;21;49;22;10;15;8;10;6;14;19;81;6;4;4;3;4;0;2;10;24;10;11;4927;1251;12735;2964;230;19;37;625;26;104;102;59;7;18;22;28;21;72;37;29
